author,text,likeCount,publishedAt,video_id
@LaoTaTran,"CÃ¡c tháº§y 99% lÃ  lá»«a Ä‘áº£o. CÃ¡c CÃ´, cÃ¡c Cáº­u, cÃ¡c NgÃ i khÃ´ng há»— trá»£ cho cÃ¡c nhÃ³m lá»«a Ä‘áº£o Ä‘Ã¢u",0,2025-10-19T13:30:31Z,s7Mew7rebLY
@mimosahung2137,PHÃ CHÃ™A PHÃ BÃ€N THá»œ,0,2025-06-27T21:12:22Z,s7Mew7rebLY
@ThÃ¹yDÆ°Æ¡ngNguyá»…n-y8y,anh vÆ¡ Ä‘Å©a cáº£ náº¯m quÃ¡,1,2025-05-22T16:26:20Z,s7Mew7rebLY
@AnhLÃªTháº¿-h3i,"Cha Ã´ng ta xÆ°a thá» cÃºng tá»• tiÃªn , vÃ  cha Ã´ng xÆ°a Ä‘i Ä‘Ã¬nh chÃ¹a !
NÃ³i chung lÃ  lá»… Pháº­t Lá»… Máº«u.  LÃ  viá»‡c cá»§a cha Ã´ng ta.
Nam MÃ´ A Di ÄÃ  Pháº­t.",0,2025-04-20T11:31:27Z,s7Mew7rebLY
@AnhLÃªTháº¿-e3w,"CÃ¡c Cá»¥ xÆ°a dáº¡y"" TrÃ¬nh Äá»“ng má»Ÿ Phá»§ háº§u ThÃ¡nh , nghÄ©a lÃ  ThÃ¡nh ngá»± Ä‘á»“ng ban tÃ i tiáº¿p lá»™c trá»« tai giáº£i náº¡n cho bÃ¡ch gia trÄƒm há».
á» cÃ¡c Ä‘Ã¬nh Ä‘á»n phá»§ thá» Máº«u thÆ°á»ng thá» Ngai !
VÃ¬ ThÃ¡nh Ngá»± TrÃªn Ngai , ngai lÃ  gháº¿ ThÃ¡nh.
Ã”ng bÃ  xÆ°a gÃ¬n giá»¯ truyá»n thá»‘ng hÃ¡t cháº§u vÄƒn vÃ  nghi thá»©c háº§u Ä‘á»“ng TrÃ¬nh ThÃ¡nh.
Nam MÃ´ A Di ÄÃ  Pháº­t.",0,2025-04-08T10:34:49Z,s7Mew7rebLY
@dungnguyen-fq9bz,"Khi xÆ°a Ä‘Ã£ dáº¹p háº¿t rá»“i nay láº¡i trá»Ÿ thÃ nh vÄƒn hoÃ¡ ,khÃ´ng thá»ƒ hiá»ƒu ná»•i",0,2025-04-03T13:59:04Z,s7Mew7rebLY
@huuangle8323,â¤,0,2025-02-11T19:32:00Z,s7Mew7rebLY
@Phongtháº§nvng92,Tá»• tiÃªn chÃºng ta theo thá» Ä‘áº¡o máº«u . Äáº¡o pháº­t . Äáº¡o lÃ m ngÆ°á»i . NhÆ°ng tá»« khi phÃ¡p Ä‘Ã´ há»™ thÃ¬ nhá»¯ng giÃ¡ trá»‹ Ä‘Ã³ Ä‘Ã£ bá»‹ ngoáº¡i lai loáº¡i bá» Ä‘á»ƒ theo Ä‘á»©c tin giesu . Theo Ä‘áº¡o ko pháº£i sai . NhÆ°ng cÃ¡i sai á»Ÿ Ä‘Ã¢y lÃ  bá»n thá» ngoáº¡i bang chá»© nháº¥t quyáº¿t ko thá» nhá»¯ng gÃ¬ cá»¥ ká»µ chÃºng theo Ä‘uá»•i . Giesu á»Ÿ vn 200 nÄƒm . NhÆ°ng Ä‘áº¡o máº«u á»Ÿ vn hÃ ng ngÃ n nÄƒm rá»“i,0,2025-02-11T04:43:55Z,s7Mew7rebLY
@loitran2970,ccc,0,2025-01-26T12:30:16Z,s7Mew7rebLY
@AnhLÃªTháº¿-m5r,"Háº§u Äá»“ng lÃ  tÃ­n ngÆ°á»¡ng thá» máº«u tam tá»© phá»§ , NgÆ°á»i xÆ°a cÃ³ cÃ¢u"" tÆ° tÆ°á»Ÿng tÃ¡c Ä‘á»™ng Ä‘áº¿n Ä‘á»i sá»‘ng tÃ¢m linh ( tÆ°á»Ÿng lá»±c cá»§a tÆ°á»Ÿng tÆ°á»£ng )
ÄÃ¬nh Äá»n Miáº¿u ChÃ¹a Phá»§ thiÃªng hay khÃ´ng thiÃªng Ä‘á»u do tÆ° tÆ°á»Ÿng Ä‘Ã¢y gá»i lÃ  tÆ°á»Ÿng lá»±c cá»§a tÆ° tÆ°á»Ÿng ! 
KÃ­nh Quá»· Tháº§n khÃ´ng gáº§n Quá»· Tháº§n vÃ¬ sinh ra mÃª tÃ­n , á» Ä‘Ã¢y gá»i lÃ  tÃ¢m thiÃªng !",0,2025-01-16T01:02:43Z,s7Mew7rebLY
@AnhLÃªTháº¿-m5r,"Háº§u Äá»“ng lÃ  TÃ­n ngÆ°á»¡ng dÃ¢n gian thá» máº«u tam tá»© phá»§ , háº§u bÃ³ng lÃ  cÃ¡ch giÃºp thá»a mÃ£n tÃ¢m lÃ½ vÃ  Ä‘á»i sá»‘ng tÃ¢m linh.",0,2025-01-15T13:27:39Z,s7Mew7rebLY
@AnhLÃªtháº¿-m6z,"Äáº¡o Máº«u cÅ©ng Quy y pháº­t.  NÃªn Ä‘i Ä‘áº¿n ChÃ¹a vÃ¬ á»Ÿ Ä‘Ã³ thá» Äá»©c Pháº­t Bá»“ TÃ¡t vÃ  CÃ³ ban thá» Máº«u.
Äáº¡o Pháº­t Tá»« Bi , Nam MÃ´ A Di ÄÃ  Pháº­t.",0,2024-11-03T09:24:59Z,s7Mew7rebLY
@AnhLÃªtháº¿-m6z,"Háº§u Ä‘á»“ng lÃ  tÃ­n ngÆ°á»¡ng dÃ¢n gian thá» máº«u tam tá»© phá»§ , Äáº¡o Máº«u cÅ©ng Quy Y Pháº­t.
á» CÃ¡c ChÃ¹a miá»n báº¯c Ä‘á»u cÃ³ ban thá» máº«u , Nam MÃ´ A Di ÄÃ  Pháº­t.",1,2024-11-03T09:23:17Z,s7Mew7rebLY
@AnhLÃªtháº¿-m6z,"Háº§u Äá»“ng lÃ  tÃ­n ngÆ°á»¡ng thá» Máº«u tam tá»© phá»§ , cÃ¡c nghi lá»… háº§u Ä‘á»“ng Ä‘Æ°á»£c cÃ¡c Ä‘á»“ng tháº§y lÃ m lá»… thá»‰nh ThÃ¡nh ngá»± Ä‘á»“ng.
Äáº¡o Máº«u cÅ©ng Quy y Pháº­t , vÃ¬ váº­y nÃªn Ä‘i Ä‘áº¿n chÃ¹a vÃ¬ á»Ÿ Ä‘Ã³ cÃ³ ban thá» Máº«u.",0,2024-11-03T09:20:56Z,s7Mew7rebLY
@trandaithangvl,Sao ko nhay hiphop cho dung xu huong gioi tre nhjğŸ˜‚,0,2024-10-16T23:56:18Z,s7Mew7rebLY
@ThiMayDao,Con Ä‘i khng,0,2024-09-24T06:57:40Z,s7Mew7rebLY
@PhanquanTV,"Háº§u Ä‘á»“ng ko sai Ä‘Ã³ lÃ  truyá»n thá»‘ng vÄƒn hoÃ¡ tá»‘t Ä‘áº¹p,nhÆ°ng giá» cÃ³ nhÃ¬u ng mÆ°á»£n viá»‡c háº§u Ä‘á»“ng mÃ  dá»¥ dá»• lÃ m lá»£i cÃ¡ nhÃ¢n vÃ  bá»‹ mÃª tÃ­n quÃ¡ lÃ m máº¯t Ä‘Ã¢u báº£n cháº¥t vÄƒn hoÃ¡ truyá»n thá»‘ng tá»‘t Ä‘áº¹p",0,2024-09-13T05:02:39Z,s7Mew7rebLY
@VuTran-xg9jn,"TÃ´i khÃ´ng tin Ä‘áº¿n khi cha tÃ´i háº§u thÃ¡nh, cháº³ng láº½ cha tÃ´i xáº¡o tÃ´i, vÃ  giá» tÃ´i bá»‹ báº¯t gháº¿",0,2024-08-15T23:21:57Z,s7Mew7rebLY
@HungSinhnguyen-x3i,ToÃ n bá»n áº¥t Æ¡ mÃª tÃ­n cáº£ cá»¯ 5 Äiá»u BÃC Há»’ dáº¡y â¤ mÃ  thá»±c hÃ nh,0,2024-08-02T14:40:34Z,s7Mew7rebLY
@AnhLÃªtháº¿-m6z,"Äá»“ng CÃ´ BÃ³ng cáº­u lÃ  tÃ­n ngÆ°á»¡ng thá» Máº«u , nhÆ° háº§u Ä‘á»“ng nháº­p bÃ³ng thÃ¡nh ! 
CÃ¡c cá»¥ dáº¡y"" Ä‘á»«ng cÃ³ váº£i thÆ°a mÃ  che máº¯t thÃ¡nh.
VÃ¬ pháº£i tÃ¹y duyÃªn chá»© khÃ´ng pháº£i ai cÅ©ng Ä‘Æ°á»£c ! 
Náº¿u nghe cháº§u vÄƒn thÃ¬ Ä‘Æ°á»£c , cÃ²n khÃ´ng nÃªn háº§u Ä‘á»“ng vÃ¬ khÃ´ng nÃªn váº£i thÆ°a mÃ  che máº¯t thÃ¡nh.
TÃ´i khuyÃªn nÃªn Niá»‡m Nam MÃ´ A Di ÄÃ  Pháº­t.",6,2024-07-24T08:28:25Z,s7Mew7rebLY
@TieuQuyhocdao,3 máº«u ngá»“i á»Ÿ ngÃ´i chÃ­ tÃ´n,0,2024-07-19T23:11:41Z,s7Mew7rebLY
@AnhLeThe-ht2hs,"CÃ¡c cá»¥ dáº¡y"" bÃ³i nhÃ  ra ma quÃ©t nhÃ  ra rÃ¡c , tháº§y Ä‘á»“ng tháº§y bÃ³i xem voi.
CÃ¡c cá»¥ ngÃ y xÆ°a"" á»Ÿ nhÃ  tranh vÃ¡ch Ä‘áº¥t , cÃ¡c cá»¥ dá»n dáº¹p nhÃ  cá»­a , thÃ¬ bá»‡nh táº­t khÃ´ng cÃ³. Vi khuáº©n khÃ´ng xÃ¢m nháº­p.",0,2024-07-11T08:23:59Z,s7Mew7rebLY
@AnhLeThe-ht2hs,"Háº§u Ä‘á»“ng lÃ  tÃ­n ngÆ°á»¡ng dÃ¢n gian cá»§a Ä‘áº¡o máº«u , nhÆ° mÆ°á»£n bÃ³ng thÃ¡nh khi lÃªn Ä‘á»“ng nháº­p bÃ³ng , mÃ  Ä‘á»ƒ ban phÃºc trá»« tai tiáº¿p lá»™c tiáº¿p tÃ i cho cÃ¡c con nhang Ä‘á»‡ tá»­ v.v
Äáº¡o Máº«u Quy y cá»­a pháº­t , á»Ÿ cÃ¡c Ä‘á»n phá»§ Ä‘á»u sáº½ Niá»‡m Nam MÃ´ A Di ÄÃ  Pháº­t.
Máº·c dÃ¹ Ä‘áº¡o Máº«u lÃ  vÄƒn hÃ³a dÃ¢n gian thá» Máº«u.
CÃ¡c ngÃ y hÃ´m ráº±m vÃ  ngÃ y má»“ng má»™t hÃ ng thÃ¡ng , sáº½ má»Ÿ cá»­a Ä‘á»n phá»§.",1,2024-06-21T03:37:06Z,s7Mew7rebLY
@a7samsumg11,Chuyá»‡n tÃ¢m linh  khÃ´ng Ä‘Ã¹a Ä‘Æ°á»£c Ä‘Ã¢u,0,2024-05-20T16:24:37Z,s7Mew7rebLY
@DungVu-nk8ot,MÃª tÃ­n,0,2024-04-17T19:07:33Z,s7Mew7rebLY
@phupham0701,thÃ¡nh nháº­p vÃ o ngÆ°á»i ?,0,2024-04-16T13:40:46Z,s7Mew7rebLY
@lienpizama,ğŸ‰,0,2024-04-01T13:16:26Z,s7Mew7rebLY
@ToiQuang-hv1tc,khÃ´ng hiá»ƒu láº¯m,0,2024-04-01T01:05:08Z,s7Mew7rebLY
@lamthaohoang715,cÃ´ Ä‘á»“ng 10 ng thÃ¬ 9 ngÆ°á»i chÆ¡i ma tuÃ½ sá»‘ng k lÃ nh máº¡nh . dá»¥c dÃ¢m thÃ¡c loáº¡n. k biáº¿t sao váº«n cÃ³ ng tin vÃ o máº¥y cÃ¡i nÃ y.,0,2024-03-26T11:05:07Z,s7Mew7rebLY
@minhthuhjhj,"anh Æ¡i, em gÃ³p Ã½ chÃºt thÃ¡nh tháº§n khÃ´ng nháº­p vÃ o cÃ´ Ä‘á»“ng, cáº­u Ä‘á»“ng Ä‘Ã¢u áº¡, nÃ³i váº­y lÃ  sai rui. CÃ¡c thÃ¡nh chá»‰ giÃ¡ng 1 li 1 lai, á»©ng bÃ³ng thÃ´i áº¡, cÃ´ Ä‘á»“ng cáº­u Ä‘á»“ng trong lÃºc nháº£y váº«n cÃ³ Ã½ thá»©c mÃ , nhÆ°ng mÃ  vÃ­ dá»¥ nhÆ° khi háº§u giÃ¡ quan thÃ¬ sáº½ tá»± nhiÃªn tháº¥y oai nghiÃªm, khi háº§u giÃ¡ cÃ´ thÃ¬ sáº½ tá»± tháº¥y mÃ¬nh xinh Ä‘ep, tá»§i,.. khi háº§u giÃ¡ cáº­u thÃ¬ tháº¥y mÃ¬nh bÃ© nhÆ° Ä‘á»©a tráº» con,..... chá»© thÃ¢n thá»ƒ con ngÆ°á»i khÃ´ng sáº¡ch sáº½ nÃªn thÃ¡nh khÃ´ng nháº­p vÃ o Ä‘c Ä‘Ã¢u áº¡.",9,2024-03-20T11:30:50Z,s7Mew7rebLY
@LoggLogltjb,ChÆ°a thaa khá»§ng bá»‘ cukun daklak ak,0,2024-03-16T15:10:03Z,s7Mew7rebLY
@NhuanThanh-q7m,Ma nháº­p thá»‹ cÃ³,0,2024-03-12T11:13:23Z,s7Mew7rebLY
@hienao1322,Äá»“ng Ä‘ua lÃ  nhiá»u,0,2024-02-23T02:04:47Z,s7Mew7rebLY
@HanhTran-c5v,HAU DONG CUNG CO THAT â¤ NHUNG CUNG CO NHIEU KE MUON SU HAU DONG NAY DE TRUC LOI â¤â¤â¤â¤â¤,0,2024-02-21T01:11:35Z,s7Mew7rebLY
@Marnie7279,TÃ o lao,1,2024-02-20T15:39:43Z,s7Mew7rebLY
@Lkrin-wt3qr,náº¿u cÃ³ cÄƒn sá»‘ thÃ¬ ta theo Ä‘áº¡o,0,2024-02-20T14:23:37Z,s7Mew7rebLY
@vuau23,Chá»‰ giá»i cÃ¡i xl,0,2024-01-28T08:41:55Z,s7Mew7rebLY
@anhviet3674,Giá»‘ng nhÆ° HL giáº£ tháº§n giáº£ quá»· ... cuá»‘i cÃ¹ng sá»± nghiá»‡p tÃ n Ä‘áº¥y =)),0,2024-01-13T13:25:02Z,s7Mew7rebLY
@thanhdat-vt,"Giá»¯a tÃ­n ngÆ°á»¡ng vÃ  lá»«a Ä‘áº£o nÃ³ mong manh láº¯m. CÃ¡c báº¡n ai xÃ¡c Ä‘á»‹nh Ä‘Æ°á»£c ngÆ°á»i háº§u Ä‘á»“ng Ä‘Ã³ lÃ  Ä‘ang Ä‘Æ°á»£c ThÃ¡nh nháº­p vÃ o hay lÃ  ngÆ°á»i ta Ä‘ang diá»…n, hoáº·c lÃ  ngÆ°á»i ta bá»‹ má»™t dáº¡ng tÃ¢m tháº§n Ä‘a nhÃ¢n cÃ¡ch, khi cÃ³ hÆ°Æ¡ng, cÃ³ rÆ°á»£u vÃ o rá»“i thÃ¬ nghÄ© mÃ¬nh trá»Ÿ thÃ nh ThÃ¡nh, vÃ  phÃ¡n Ä‘á»§ cÃ¡c thá»© trÃªn Ä‘á»i. CÃ¡c báº¡n á»Ÿ dÆ°á»›i kháº¥n bÃ¡i lia lá»‹a, Ä‘Ã¢u cÃ³ biáº¿t ráº±ng mÃ¬nh Ä‘ang bá»‹ lá»«a.",1,2024-01-13T08:31:50Z,s7Mew7rebLY
@dehoang2625,"Trá»i Æ¡i! Táº¡i sao láº¡i cá»© Ä‘á»c wikipedia cho má»i ngÆ°á»i mÃ  láº¡i cÃ²n Ä‘á»c sai. 
NÃ³i tháº³ng 8 phÃºt (ká»ƒ cáº£ tÄƒng speed 1.5) cÅ©ng khÃ´ng Ä‘á»§ Ä‘á»ƒ nÃ³i háº¿t váº¥n Ä‘á» nÃ y, huá»‘ng há»“ báº¡n cÃ²n nÃ³i sai vÃ  nÃ³i thiáº¿u. VÄƒn hoÃ¡, tÃ­n ngÆ°á»¡ng Viá»‡t Nam cho ngÆ°á»i Viá»‡t mÃ  cháº£ cÃ³ cÃ¡i tÃ¢m cá»§a ngÆ°á»i Viá»‡t.
Mong báº¡n hÃ£y tÃ¬m hiá»ƒu tháº­t ká»¹ trÆ°á»›c khi truyá»n táº£i Ä‘áº¿n cho nhiá»u ngÆ°á»i khÃ¡c.",3,2024-01-10T23:17:59Z,s7Mew7rebLY
@LaDieuBonggg,LÃªn Ä‘á»“ng thÃ¬ lÃªn phÆ°á»ng ğŸ˜…,1,2023-12-20T09:59:14Z,s7Mew7rebLY
@HuyÄÃ mKhÃ¡nh,chua xem vd luat su hau dong ak,0,2024-09-03T15:30:49Z,s7Mew7rebLY
@quocvinhngo7862,Ko cÃ³ chuyá»‡n thÃ¡nh nháº­p ngÆ°á»i phÃ m nhÃ©. ÄÄƒng nhÆ° váº­y lÃ  sai báº£n cháº¥t hoÃ n toÃ n,0,2023-11-13T13:09:07Z,s7Mew7rebLY
@namnguyenquang2010,Muá»‘n Äƒn mÃ y cá»­a thÃ¡nh. Pháº£i cÃ³ cÄƒn vÃ  quáº£. DÃ¢n gá»i cÄƒn cÃ´ quáº£ cáº­u. PhÃºc lá»™c thÃ¡nh ban cho cÃ´ cáº­u. CÅ©ng cÃ³ cáº¥p báº­c xÃ£ huyá»‡n tá»‰nh. CÃ³ tháº§y hÆ°á»Ÿng lá»™c thÃ¡nh nhÆ°ng chá»‰ á»Ÿ má»©c xÃ£ gá»i kháº£ nÄƒng nhá» ko xem lá»›n hÆ¡n Ä‘Æ°á»£c. Tui cÅ©ng biáº¿t chÃºt chÃºt váº­y thÃ´i,2,2023-11-05T11:28:13Z,s7Mew7rebLY
@uctran394,Tháº§y Ä‘á»“ng khÃ¡c vá»›i tháº§y phÃ¹ thá»§y cáº­u nhÃ©,0,2023-11-01T23:42:36Z,s7Mew7rebLY
@tieuduongkiku8680,"Ä‘Ã£ ko hiá»ƒu rÃµ thÃ¬ Ä‘á»«ng cÃ³ nÃ³i linh tinh Ä‘Ã£ ko hiá»ƒu thÃ¬ Ä‘á»«ng cÃ³ nÃ³i nÃ³i sai lá»‡ch háº¿t lÃ  nhÆ° nÃ o :)) ngu thÃ¬ im Ä‘i . nÃ³i kiá»ƒu vá»«a Ä‘áº¥m vá»«a xoa lÃ  nhÆ° nÃ o :())
thÃ¢n lÃ m con chÃ¡u cÃ´ BÆ¡ mong má»i ngÆ°á»i Ä‘á»«ng hiá»ƒu sai :))",0,2023-10-30T06:52:11Z,s7Mew7rebLY
@cuongbui3361,NhÆ° tháº¿ nÃ y thÃ¬ cÃ²n mÃª tÃ­n,0,2023-10-16T04:19:10Z,s7Mew7rebLY
@sansevieriavietnam,"Táº¥t cáº£ nhá»¯ng loáº¡i hÃ¬nh nÃ y bÃªn CÃ´ng GiÃ¡o ko Ä‘Æ°á»£c dáº¡y dá»— kÄ© chá»© bÃªn TIn LÃ nh dáº¡y ráº¥t kÄ©, Ä‘á»u lÃ  tÃ  linh nháº­p vÃ o thÃ´i, mÃ  trong tháº¿ giá»›i linh thÃ¬ chuyá»‡n biáº¿t trÆ°á»›c quÃ¡ khá»© tÆ°Æ¡ng lai lÃ  Ä‘Æ°Æ¡ng nhiÃªn, minh chá»©ng ráº¥t rÃµ rÃ ng Ä‘Ã³ lÃ  á»Ÿ nhá»¯ng buá»•i háº§u Ä‘á»“ng Ä‘á»™i bÃ¡t nhang, gá»i há»“n ngÆ°á»i cháº¿t, náº¿u cÃ³ ngÆ°á»i TIn LÃ nh nÃ o á»Ÿ Ä‘Ã³ thÃ¬ báº£o Ä‘áº£m bá»¯a Ä‘Ã³ khÃ´ng gá»i Ä‘Æ°á»£c vÃ¬ sao ? vÃ¬ Kinh ThÃ¡nh cÃ³ chÃ©p "" CÃ¡c NgÆ°Æ¡i lÃ  Ã¡nh sÃ¡ng cá»§a Tháº¿ Gian vÃ  lÃ  Muá»‘i cá»§a Ä‘áº¥t ""
CÃ²n vá» viá»‡c ngÆ°á»i CÃ´ng GiÃ¡o cÅ©ng tin ChÃºa nhÆ°ng láº¡i ko linh nghiá»‡m viá»‡c nÃ y thÃ¬ khÃ´ng cÃ³ thÃ´ng tin nhÆ°ng suy logic cÅ©ng hiá»ƒu Ä‘c :)
""NgÆ°Æ¡i chá»› lÃ m tÆ°á»£ng cháº¡m cho mÃ¬nh, cÅ©ng chá»› lÃ m tÆ°á»£ng nÃ o giá»‘ng nhá»¯ng váº­t trÃªn trá»i cao kia, hoáº·c nÆ¡i Ä‘áº¥t tháº¥p náº§y, hoáº·c trong nÆ°á»›c dÆ°á»›i Ä‘áº¥t.  NgÆ°Æ¡i chá»› quÃ¬ láº¡y trÆ°á»›c cÃ¡c hÃ¬nh tÆ°á»£ng Ä‘Ã³, vÃ  cÅ©ng Ä‘á»«ng háº§u viá»‡c chÃºng nÃ³; vÃ¬ ta lÃ  GiÃª-hÃ´-va Äá»©c ChÃºa Trá»i ngÆ°Æ¡i, tá»©c lÃ  Äá»©c ChÃºa Trá»i ká»µ tÃ  !!! """,0,2023-09-28T04:37:54Z,s7Mew7rebLY
@maywecare,"Äá»‘i vá»›i mÃ¬nh, háº§u Ä‘á»“ng = MÃª tÃ­n dá»‹ Ä‘oan.",0,2023-08-29T12:14:55Z,s7Mew7rebLY
@TaeheeKim-x8b,Tháº§y bÃ³i á»‘p vong nÃ³i mÃ¬nh 32 tuá»•i cháº¿t.ğŸ˜‚,0,2023-07-04T23:00:52Z,s7Mew7rebLY
@VoNga99,CÃ¡c dÃ¢n tá»™c Ã­t ngÆ°á»i thá» Máº«u Ä‘Æ°á»£c khÃ´ng?,0,2023-06-09T17:03:32Z,s7Mew7rebLY
@quangkhoipham690,Giá» cÃ²n Ä‘ang Ä‘á» cá»­ cÃ´ng nháº­n tá»« bao giá» rá»“i nÃ³i cho nÃ³ Ä‘Ãºng bÃ¡ng bá»• thiáº¿u hiá»ƒu biáº¿t nÃ³i cÃ n nÃ³i báº­y,0,2023-06-08T12:56:58Z,s7Mew7rebLY
@maxfever8068,ToÃ n lÃ  lá»£i dá»¥ng cÃ¡c mÃª tÃ­n dá»‹ Ä‘oan Ä‘á»… trá»¥c lá»£i lá»«a bá»‹pâ€¦,0,2023-05-17T16:58:42Z,s7Mew7rebLY
@viethung6242,mÃ¬nh tháº¥y háº§u Ä‘á»“ng 10 ngÆ°á»i 9 ngÆ°á»i vá»¡ ná»£,1,2023-04-25T10:34:43Z,s7Mew7rebLY
@hienngo8644,Äang Ä‘á»‹nh nÃ³i,0,2024-02-27T10:41:37Z,s7Mew7rebLY
@ThanhTran-yc1pd,MÃ¬nh khÃ´ng nÃ³i háº§u Ä‘á»“ng xáº¥u nhÆ°ng táº¡i sao ko lÃ m miá»…n phÃ­ mÃ  cÃ³ quÃ¡ cÃ¡c buá»•i hÃ¢ud láº¡i dÃ¹ng nhiá»u tiá»n máº·t?,0,2023-04-10T04:59:57Z,s7Mew7rebLY
@Newen315,Pháº£i cÃ³ tiá»n thÃ¬ cÃ¡c thÃ¡nh má»›i hiá»ƒn linhğŸ˜‚ğŸ˜‚ğŸ˜‚ thá»­ khÃ´ng tiá»n xem thÃ¡nh nÃ o chÆ¡i vá»›i mÃ¬nh sá»± tháº­t rÃµ rÃ ng quÃ¡,1,2024-04-01T12:16:44Z,s7Mew7rebLY
@kiennguyenviet7103,"ThÆ°á»ng thÆ°á»ng nhá»¯ng nhÃ  nghiÃªn cá»©u tÃ¢m linh. GiÃ¡o sÆ° tiáº¿n sÄ© vá» tÃ¢m linh lÃ  ngÆ°á»i vÃ´ tháº§n. VÃ´ Ä‘áº¡o. NÃªn cÃ¡i há» nhÃ¬n tháº¥y chá»‰ lÃ  HÃŒNH. XÃ©t sá»± viá»‡c theo khoa há»c logic. NÃªn khÃ´ng thá»ƒ hiá»ƒu Ä‘Æ°á»£c huyá»n bÃ­ trong tÃ¢m linh. VÃ¬ tÃ¢m linh nÃ³i chung, tÃ¢m linh tá»© phá»§ nÃ³i riÃªng nÃ³ ráº¥t lÃ  Ä‘a dáº¡ng muÃ´n mÃ u. Äáº¿n Ä‘á»“ng tháº§y cÃ²n khÃ´ng thá»ƒ hiá»ƒu háº¿t Ä‘Æ°á»£c. KhÃ´ng cÃ²n hiá»ƒu sÃ¢u Ä‘Æ°á»£c. NÃ³i gÃ¬ Ä‘áº¿n ngÆ°á»i ngoáº¡i Ä‘áº¡o. Láº¡i cÃ²n lÃ  ngÆ°á»i vÃ´ tháº§n, vÃ´ Ä‘áº¡o. CÃ¡c CÃ¡n bá»™ nÃ³i lÃ  mÃª tÃ­n, Dá»‹ Ä‘oan. Chá»‰ lÃ  hÃ£m khÃ´ng cho phÃ¡t triá»ƒn bá»«a bÃ£i mÃ  thÃ´i. Nhá»¯ng ngÆ°á»i khÃ´ng pháº£i lÃ  ngÆ°á»i trong Ä‘áº¡o, cá»‘ tÃ¬nh vÃ o, cá»© ngá»¡ vÃ o rá»“i Ä‘Æ°á»£c hÆ°á»Ÿng tÃ i lá»™c gÃ¬ bÃ©o bá»Ÿ. Rá»“i lÃ m 3 Ä‘iá»u sáº±ng báº­y, áº£nh hÆ°á»Ÿng Ä‘áº¿n uy danh nhÃ  ngÃ i. Bá»‹ lÃªn Ã¡n lÃ  Ä‘Ãºng. NhÆ°ng cÅ©ng Ä‘á»«ng láº¡m dá»¥ng nhá»¯ng cÃ¢u Ä‘Ã³ Ä‘á»ƒ Ä‘Ã¡nh Ä‘á»“ng háº¿t táº¥t cáº£",0,2023-03-24T10:16:17Z,s7Mew7rebLY
@tlnnews5191,XÃ m,0,2023-12-11T16:48:43Z,s7Mew7rebLY
@Vietnamxinh,"Theo mÃ¬nh vÄƒn hÃ³a tÃ¢m linh háº§u Ä‘á»“ng lÃ  má»™t nÃ©t vÄƒn hoÃ¡ mang tÃ­nh cháº¥t vá»«a giáº£i trÃ­ cao ( vá»«a tÃ¢m linh vÃ  Ä‘áº§y huyá»n bÃ­... cá»§a dÃ¢n gian Viá»‡t Nam truyá»n thá»‘ng tá»« ngÃ n nÄƒm Ä‘áº¿n nay. NhÆ°ng Ä‘áº¿n nhá»¯ng nÄƒm 1996 thÃ¬ vÄƒn hÃ³a háº§u Ä‘á»“ng vÃ  hÃ¡t Tráº§u VÄƒn má»›i Ä‘Æ°á»£c UNESCO vÃ  tháº¿ giá»›i cÃ´ng nháº­n lÃ  vÄƒn hÃ³a di sáº£n phi váº­t thá»ƒ cá»§a nhÃ¢n loáº¡i ( tháº¿ giá»›i ). Viá»‡t Nam cá»§a chÃºng ta lÃ  má»™t Ä‘áº¥t nÆ°á»›c yÃªu chuá»™ng hÃ²a bÃ¬nh nhÆ° bao Ä‘áº¥t nÆ°á»›c khÃ¡c... Tá»« thá»i phong kiáº¿n Ä‘áº¥t nÆ°á»›c nÃ o trÃªn tháº¿ giá»›i mÃ  dÃ¢n sá»‘ Ã­t , diá»‡n tÃ­ch nhá» bÃ© hay rá»™ng lá»›n , Ä‘á»u pháº£i tráº£i qua má»™t sá»‘ cuá»™c giao tranh , cÆ°á»›p bÃ³c... VÃ¬ lÃºc Ä‘Ã³ loÃ i ngÆ°á»i chÃºng ta vá» khoa há»c ká»¹ thuáº­t cÃ²n háº¡n cháº¿, chÆ°a nháº­n thá»©c Ä‘Æ°á»£c nhÆ° tháº¿ nÃ o lÃ  ( Ä‘á»™c láº­p tá»± do ). Theo truyá»n thuyáº¿t dÃ¢n gian Ä‘áº¿n nay. Äáº¥t NÆ°á»›c ta Ä‘Ã£ tráº£i qua biáº¿t bao nhiÃªu cuá»™c khÃ¡ng chiáº¿n chá»‘ng, láº¡i cÃ¡c nÆ°á»›c lá»›n Ä‘áº¿n Ä‘á»u cÃ³ Ã½ Ä‘á»‹nh sÃ¢m chiáº¿m, láº¥y Ä‘áº¥t, cÆ°á»›p bÃ³c tÃ i nguyÃªn tá»± nhiÃªn... Nháº±m má»¥c Ä‘Ã­ch chá»‰ Ä‘á»ƒ chuá»™c lá»£i Ã­ch cho há». NhÆ°ng cuá»‘i cÃ¹ng thÃ¬ há» cÅ©ng pháº£i gÃ¡nh chá»‹u háº­u quáº£ mÃ  há» Ä‘Ã£ gÃ¢y ra cho dÃ¢n tá»™c Viá»‡t Nam nÃ³i riÃªng vÃ  cÃ¡c dÃ¢n tá»™c khÃ¡c trÃªn tháº¿ giá»›i nÃ³i chung lÃ  khÃ´ng thá»ƒ nÃ o sÃ¢m chiáº¿m Ä‘Æ°á»£c. VÃ¬ Ä‘áº±ng sau loÃ i ngÆ°á»i chÃºng ta váº«n luÃ´n luÃ´n cÃ²n ráº¥t nhiá»u nhá»¯ng vá»‹ thÃ¡nh, vá»‹ tháº§n, vá»‹ tiÃªn, Ã´ng pháº­t...Cá»©u nhÃ¢n Ä‘á»™ tháº¿, cho toÃ n nhÃ¢n loáº¡i loÃ i ngÆ°á»i chÃºng ta. Háº§u Äá»“ng á»Ÿ Viá»‡t Nam cÅ©ng váº­y tá»« ngÃ n Ä‘á»i xÆ°a Ä‘áº¿n nay tá»« cÃ¡c Ä‘á»i vua chÃºa há» truyá»n bÃ¡ tÃ­n ngÆ°á»¡ng truyá»n thá»‘ng, nháº±m má»¥c Ä‘Ã­ch Ä‘Æ°a giÃ¡ trá»‹ vÄƒn hÃ³a tÃ¢m linh cÃ³ tháº­t chá»© khÃ´ng lá»£i dá»¥ng tÃ­n ngÆ°á»¡ng Ä‘á»ƒ chuá»™c lá»£i Ã­ch cho riÃªng mÃ¬nh. HÆ¡n ná»¯a VÄƒn HÃ³a Háº§u Äá»“ng lÃ  má»™t nÃ©t Ä‘áº¹p vÄƒn hÃ³a tÃ¢m linh vÄƒn minh hiá»‡n Ä‘áº¡i vÃ  truyá»n thá»‘ng káº¿t há»£p táº¡o nÃªn má»™t kiá»‡t tÃ¡c phi váº­t thá»ƒ cá»§a nhÃ¢n loáº¡i ( loÃ i ngÆ°á»i chÃºng ta ). NÃ³ ráº¥t phá»©c táº¡p vá» tÃ¢m linh vÃ  Ä‘áº§y huyá»n bÃ­...Ai khÃ´ng hiá»ƒu thÃ¬ cá»© cho lÃ  lá»«a Ä‘áº£o chiáº¿m Ä‘oáº¡t tÃ i sáº£n cá»§a nhÃ¢n dÃ¢n, nhÆ°ng cÅ©ng khÃ´ng loáº¡i trá»« nhá»¯ng ngÆ°á»i cÃ³ cÆ¡ há»™i Ä‘á»ƒ rá»“i lá»£i dá»¥ng cÆ¡ há»™i lá»­a háº¿t nhá»¯ng ngÆ°á»i nÃ y ngÆ°á»i kia Ä‘á»ƒ chuá»™c lá»£i cho mÃ¬nh báº±ng cÃ¡ch lÃ´i kÃ©o nhá»¯ng ngÆ°á»i dÃ¢n kÃ©m hiá»ƒu biáº¿t vá» vÄƒn hÃ³a tÃ¢m linh ( háº§u Ä‘á»“ng )",0,2023-03-20T21:56:31Z,s7Mew7rebLY
@haitrieunguyen1057,ÄÃ£ tÃ¢m linh thÃ¬ lÃ m gÃ¬ cÃ³ giáº£i trÃ­,0,2023-08-25T06:02:52Z,s7Mew7rebLY
@Vietnamxinh,"ThÃ¡nh linh thiÃªng chá»n nhá»¯ng ngÆ°á»i cÃ³ cÄƒn cÃ³ qá»§a, cÄƒn lá»™c... thÃ¬ má»›i Ä‘Æ°á»£c thÃ¡nh chá»n lá»±a Ä‘á»ƒ hiá»‡n diá»‡n thá»±c hÃ nh nhá»¯ng nghi thá»©c táº¿ lá»…, cá»©u nhÃ¢n Ä‘á»™ tháº¿",2,2023-03-20T21:30:36Z,s7Mew7rebLY
@haitrieunguyen1057,"Báº¡n hiá»ƒu ngÆ°á»£c rá»“i, Ä‘Æ°á»£c thÃ¡nh chá»n má»›i cÃ³ cÄƒn sá»‘ Ä‘áº¥y chá»© k pháº£i ngÆ°á»£c láº¡i",0,2023-08-25T06:12:23Z,s7Mew7rebLY
@anngaly8814,"Báº¡n nÃ³i thÃ¬ hÃ£y láº¯m ngÆ°ng cháº£ hiá»ƒu zÃ¬ vá» Ä‘áº¡o máº«u,  Máº«u khÃ´ng bao giá» á»‘p nháº­p vÃ o ngÆ°á»i tráº§n báº¡n nhÃ©, há» chá»‰ á»©ng bÃ³ng nhÆ° dáº¡ng truyá»n táº£i nÄƒng lÆ°á»£ng Ä‘áº¿n cÃ¡c Thanh Äá»“ng, mÃ  nhá»¯ng Thanh Äá»“ng thá»±c sá»± thÃ¬ há» tu táº­p váº¥t váº£ má»›i Ä‘c ThÃ¡nh chá»©ng mÃ  ban quyá»n phÃ©p cho chá»© ngÆ°á»i áº¥y khÃ´ng tá»± phÃ¡n bá»«a hay lÃ m bá»«a  Ä‘c Ä‘Ã¢u, lÃ m viá»‡c ThÃ¡nh Ä‘Ãºng nghÄ©a cÅ©ng bá»‹ soi, máº¥y cÃ¡i loáº¡i lá»«a bá»‹p thÃ¬ láº¡i khÃ´ng Ä‘i mÃ  soi nhÆ° cÃ¡i tÃªn zÃ¬ VÃµ HÃ m Y áº¥y nhá»‰",0,2023-03-13T04:25:59Z,s7Mew7rebLY
@LEE-bm4lm,"Nghe mÃ¹i cá»§a PhÃ¡p LuÃ¢n cÃ´ng Ä‘Ã¢u Ä‘Ã¢y 
TrÆ°á»›c Ä‘Ã¢y tÃ´i cÅ©ng cÃ³ nghe máº¥y Ã´ng PhÃ¡p LuÃ¢n CÃ´ng nÃ³i lÃ  thÃ¡nh tháº§n Pháº­t Bá»“ TÃ¡t thá»i nay sáº½ ko hiá»‡n ra cho ngÆ°á»i bÃ¬nh thÆ°á»ng tháº¥y mÃ  chá»‰ cÃ³ ngÆ°á»i theo PhÃ¡p LuÃ¢n cÃ´ng má»›i Ä‘Æ°á»£c thÃ´i",1,2023-03-09T15:10:57Z,s7Mew7rebLY
@huuvudsn,TÃ´n trá»ng tÃ­n ngÆ°á»¡ng. NhÆ°ng váº¥n Ä‘á» truyá»n giÃ¡o sai trÃ¡i mÃª  tÃ­n dá»‹ Ä‘oan thÃ¬ Ä‘Ãºng lÃ  ko cháº¥p nháº­n Ä‘c. Thá»i Ä‘áº¡i mÃ  loÃ i ngÆ°Ã²i Ä‘i xa máº·t trÄƒng rá»“i.. mÃ  cÃ²n mÃª tÃ­n cá»• lÃ´ xá»‰ ntn thÃ¬ ko thá»ƒ hiá»ƒu ná»•i,0,2023-03-05T16:59:20Z,s7Mew7rebLY
@MaiTran-os9me,Nháº­p  há»“n cho Sinh ngÆ¡,0,2023-03-04T17:25:47Z,s7Mew7rebLY
@hungtuan6544,Nhá»¯ng cÃ¡i khÃ´ng biáº¿t thÃ¬ Ä‘á»«ng nÃªn cá»‘ nhÃ©t cá»‘ nÃ³i Em QuÃ¢n áº¡. Äá»«ng cá»‘ chá»©ng tá» cÃ¡i gÃ¬ mÃ¬nh cÅ©ng giá»i. Äá»c nhÆ° sao chÃ©p wiki .,1,2023-02-24T15:43:19Z,s7Mew7rebLY
@giangnam3539,Äáº¡o máº«u chuáº©n Ä‘áº¡o vn ko páº£i thá» cÅ©ng nhá»¯ng Ã´ng tÃ¢y rÃ¢u ria xa xÃ´i .náº¿u nhÆ° toÃ n dÃ¢n viá»‡t mÃ¬nh Ä‘á»u phá»• biáº¿n 100tr dÃ¢n cÅ©ng sá»‘ mÃ¡ láº¯m Ä‘áº¥y .giá»‘ng Ä‘áº¡o hindu áº¥n Ä‘á»™ .nÃ³ cÅ©ng lÃ  cÃ¡i gÃ¬ Ä‘Ã³ chung chung Ã h,0,2023-02-24T07:29:38Z,s7Mew7rebLY
@tinhpham4800,cháº§u vÄƒn lÃ  di sáº£n chá»© ko háº§u Ä‘á»“ng Ä‘Ã¢u nhÃ¡,0,2023-02-23T03:23:20Z,s7Mew7rebLY
@caphong2768,video nÃ y Ã´ng nÃ o tÃ¬m hiá»ƒu kÃ©m quÃ¡ ;vv video nÃ y chá»‰ mang tÃ­nh cháº¥t nghe chá»© ko mang 1 tÃ­nh cháº¥t nÃ o háº¿t háº§u háº¿t trong vid tÃ¬m hiá»ƒu khÃ´ng ká»¹,0,2023-02-22T15:46:39Z,s7Mew7rebLY
@thangtrinh3295,K pháº£i muá»‘n lÃ m tháº§y Ä‘á»“ng cÃ´ Ä‘á»“ng lÃ  Ä‘c Ä‘Ã¢u nhÃ© pháº£i lÃ  cÃ³ cÄƒn vÃ  Ä‘c cÃ¡c thÃ¡nh máº«u gá»­i gáº¯m vÃ o ngÆ°á»i Ä‘Ã³ má»›i Ä‘c lÃ m tháº§y Ä‘á»“ng vs cÃ´ Ä‘á»“ng,0,2023-02-22T02:23:50Z,s7Mew7rebLY
@attran7215,VN láº¯m ng cÃ³ cÄƒn tháº¿.Lá»£i dá»¥ng thÃ¬ nhiá»u,0,2023-02-27T08:17:21Z,s7Mew7rebLY
@tiÃªnthá»§y-q4s,cÃ³ tiá»n vÃ o nháº£y lÃ m dk háº¿t ğŸ˜‚ğŸ˜‚ğŸ˜‚,0,2025-03-26T17:22:34Z,s7Mew7rebLY
@vietchuyen1012,K cÃ³ tiá»n thÃ¬ chá»‰ cÃ³ xin cÃ¡i ná»‹t,0,2023-02-22T01:26:27Z,s7Mew7rebLY
@thanhluong7019,MÃª tÃ­n . Cáº§u lÃ  tham .,0,2023-02-21T12:43:51Z,s7Mew7rebLY
@Anhdangstore,giá»¯a mÃª tÃ­n vÃ  tÃ´n giÃ¡o nÃ³ mong manh láº¯m :D háº§u Ä‘a nhá»¯ng ngÆ°á»i cÃ³ cmt ghi tÃ´n giÃ¡o khÃ´ng . láº¡i lÃ  nhá»¯ng ngÆ°á»i Ä‘a tÃ´n giÃ¡o . cá»© á»Ÿ Ä‘Ã¢u tháº¥y tháº¯p hÆ°Æ¡ng lÃ  kháº¥n adidaphat háº¿t :D,1,2023-02-21T06:37:32Z,s7Mew7rebLY
@MrMaixuanhoang,Tháº§y HoÃ i Linh Ä‘Ã¢u ğŸ˜‚ğŸ˜‚ğŸ˜‚,1,2023-02-21T00:11:28Z,s7Mew7rebLY
@vualidon1,"ÄÆ°a thÃ´ng tin sai lá»‡ch, bá» kÃªnh nÃ y Ä‘i",0,2023-02-20T06:17:41Z,s7Mew7rebLY
@letranthanhtrung2321,"TÃ¢m linh viá»…n vong, sá»‘ng thá»±c táº¿ lÃªn cá»© bÃ¡m vÃ­u vÃ o ná»‘t tráº§m lá»‹ch sá»­ lÃ m gÃ¬",0,2023-02-20T03:44:48Z,s7Mew7rebLY
@nhokdo113,MÃª muá»™i,0,2023-02-19T14:48:56Z,s7Mew7rebLY
@hunghoang8972,"Thá» ma quá»· vÃ  má»i ta linh nháº­p vÃ o thÃ´i. Cáº£ tháº¿ giá»›i Ä‘á»u chunh 1 báº§u trá»i, hÃ­t chung má»™t báº§u khÃ´ng khÃ­, háº¥p thá»¥  chung 1 loáº¡i váº­t thá»±c nhÆ° nhau. VÃ  chá»‰ cÃ³ 1 Äáº¥ng Chá»§ Tá»ƒ Tháº§n Linh lÃ  Äáº¥ng Táº¡o HoÃ¡ táº¡o lÃªn muÃ´n váº­t vÃ  nuÃ´i sá»‘ng muÃ´n loÃ i cÅ©ng nhÆ° cai quáº£n táº¥t cáº£ chá»© lÃ m gÃ¬ cÃ³ chuyá»‡n má»—i dÃ¢n tá»™c má»—i vÃ¹ng miá»n láº¡i cÃ³ cÃ¡c vá»‹ thÃ¡nh, tháº§n khÃ¡c nhau mÃ  háº§u vá»›i tráº£ háº¡. Tháº¿ giá»›i Linh Tháº§n khÃ´ng há»—n loáº¡n nhÆ° váº­y Ä‘Ã¢u. Mong má»i ngÆ°á»i nháº­n ra Ä‘iá»u nÃ y trÆ°á»›c khi hÆ¡i thá»Ÿ báº¡n dáº§n cáº¡n máº¯t báº¡n dáº§n má» vÃ  mÃ´i miá»‡ng cháº³ng cÃ²n má»Ÿ. Chá» phÃ¡n xÃ©t cá»§a Äáº¥ng tá»‘i cao.",1,2023-02-19T14:43:59Z,s7Mew7rebLY
@RuthMBrown73,Thá» ma quá»· Satan....ChÃºa sáº½ trá»«ng pháº¡t,1,2023-02-19T14:33:18Z,s7Mew7rebLY
@kimucanh6900,ÄÃ¢y ko pháº£i cÃ´ng giÃ¡o,0,2023-04-12T22:15:47Z,s7Mew7rebLY
@hainguyen-iv5jz,"NhÃ¢Ì£p hÃ´Ì€n nhÆ° vÃ¢Ì£y laÌ€ quyÌ‰ thÃ¢Ì€n Ä‘oÌ, caÌc viÌ£ thaÌnh khÃ´ng ai nhÃ¢Ì£p nhÆ° vÃ¢Ì£y Ä‘Ã¢u. NgÆ°Æ¡Ì€i laÌ€m hÃ¢Ì€u Ä‘Ã´Ì€ng sau naÌ€y chÄƒÌc chÄƒÌn seÌƒ gÄƒÌ£p quaÌ‰ baÌo.",1,2023-02-19T03:40:32Z,s7Mew7rebLY
@haoduong4613,LÃºc háº§u lm j cÃ³ thÃ¡nh nháº­p báº¡n Æ¡i,0,2023-04-07T07:55:25Z,s7Mew7rebLY
@triet1991,"Náº¿u háº§u Ä‘á»“ng mÃ  Ä‘Æ°á»£c cÃ´ng nháº­n lÃ  di sáº£n vÄƒn hÃ³a phi váº­t thá»ƒ thÃ¬ cáº§u cÆ¡, xem bÃ³i cÅ©ng pháº£i Ä‘Æ°á»£c cÃ´ng nháº­n má»›i cÃ´ng báº±ng nhÃ©.",0,2023-02-18T20:42:45Z,s7Mew7rebLY
@DungNguyen-rv2yy,"Báº£n cháº¥t háº§u Ä‘á»“ng vÃ  xem bÃ³i nÃ³ hoÃ n toÃ n khÃ¡c nhau, k thá»ƒ so sÃ¡nh",0,2023-03-05T15:46:47Z,s7Mew7rebLY
@DungNguyen-rv2yy,"ThÃ nh Kenny Music EDM Ä‘Ãºng, háº§u Ä‘á»“ng bÃ¢y giá» Ä‘iá»u cáº§n lÃ  pháº£i cÃ³ tiá»n, cÃ²n báº£n cháº¥t nÃ³ khÃ¡c háº³n bÃ³i toÃ¡n",0,2023-04-25T06:00:23Z,s7Mew7rebLY
@AnhHoang-di2tm,"Tháº¥y máº¥y tháº§y láº­p Ä‘iá»‡n, trÃªn thÃ¬ pháº­t, dÆ°á»›i thÃ¬ máº«u, tháº¿ pháº­t vá»›i máº«u á»Ÿ chung nhÃ  Ã ..",1,2023-02-18T14:11:53Z,s7Mew7rebLY
@angviethoang8891,cÃ³ gÃ¬ láº¡ Ä‘Ã¢u,0,2023-04-09T13:00:52Z,s7Mew7rebLY
@HuyÄÃ mKhÃ¡nh,mau tu hanh thae loi phat day ma ma,0,2024-09-03T15:31:40Z,s7Mew7rebLY
@AnPham-gz5vd,"CÃ´ Ä‘á»“ng HÆ°Æ¡ng lÃ  cÃ³ cÄƒn tÃ¹ , sáº¯p Ä‘Æ°á»£c ngÃ i quáº£n lÃ½ tráº¡i giam á»‘p rá»“i...",2,2023-02-18T08:33:15Z,s7Mew7rebLY
@HoangTran-oo1wm,"KhÃ´ng chá»‰ háº§u Ä‘á»“ng mÃ  cÃ²n ráº¥t nhiá»u phong tá»¥c tÃ­n ngÆ°á»¡ng quÃ¡i dá»‹ hÆ¡n nhiá»u. MÃ¬nh lÃ  gá»‘c ngÆ°á»i tÃ y, tuy sinh ra á»Ÿ thá»i hiá»‡n Ä‘áº¡i vÃ  ko nÃ³i Ä‘Æ°á»£c tiáº¿ng tÃ y nhÆ°ng cÃ¡c phong tá»¥c tÃ­n ngÆ°á»¡ng váº«n Ä‘Æ°á»£c bá»‘ máº¹ Ã´ng bÃ  duy trÃ¬, nÃ³i lÃ  khÃ´ng mÃª tÃ­n nhÆ°ng khi tháº¥y táº­n máº¯t thÃ¬ niá»m tin cÅ©ng lung lay, 1 nÄƒm lÃ m bÃ³i cÅ©ng 3-4 láº§n, láº§n nÃ o cÅ©ng nháº­p tháº§n. CÃ²n ráº¥t nhiá»u dÃ¢n tá»™c khÃ¡c cÅ©ng cÃ³ hÃ¬nh thá»©c tÃ­n ngÆ°á»¡ng tÆ°Æ¡ng tá»±, nhÆ°ng thÆ°á»ng thÃ¬ con cÃ¡i cá»§a cÃ¡c tháº§y bÃ³i sáº½ pháº£i mang nghiá»‡p, hoáº·c lÃ  bá»‹ tÃ¢m tháº§n, hoáº·c lÃ  bá»‹ táº­t hoáº·c gÃ¬ Ä‘Ã³, Ä‘a sá»‘ lÃ  váº­y.",25,2023-02-18T07:50:23Z,s7Mew7rebLY
@quynhnatran9990,"LÃ ng tÃ´i cÃ³ gia Ä‘Ã¬nh thá»i Ã´ng ná»™i má»Ÿ Ä‘iá»‡n, con trai thÃ¬ khÃ´ng ná»‘i nghiá»‡p. Rá»“i con trai cÅ©ng bá»‹ ung thÆ° cháº¿t, 2 vá»£ cÅ©ng cháº¿t vÃ¬ ung thÆ°, Ä‘áº¿n thá»i chÃ¡u thÃ¬ cÅ©ng cÃ³ cuá»™c sá»‘ng dáº·t dáº¹o, vá»£ bá».",0,2023-03-16T06:25:04Z,s7Mew7rebLY
@HoangTran-oo1wm,"@quynhnatran9990 mÃ¬nh tháº¥y Ä‘a sá»‘ lÃ  nhÆ° váº­y, giá»‘ng nhÆ° há» pháº£i tráº£ nghiá»‡p. LÃ m tháº§y bÃ³i cá»©u nhÃ¢n Ä‘á»™ tháº¿ cho bao nhiÃªu ngÆ°á»i ngoÃ i nhÆ°ng cuá»‘i cÃ¹ng láº¡i khÃ´ng cá»©u ná»•i con chÃ¡u cá»§a mÃ¬nh.",1,2023-03-16T17:17:42Z,s7Mew7rebLY
@hoangmiu3141,":v cá»• nhÃ¢n cÃ³ cÃ¢u lÆ°u truyá»n :&quot; Äá»i cha Äƒn máº·n Ä‘á»i con khÃ¡t nÆ°á»›c&quot; . Nhá»¯ng ngÆ°á»i lÃ m tháº§y bÃ³i háº§u cÃºng Ä‘iá»‡n thá» cÃ³ con cÃ¡i, con cÃ¡i pháº£i chá»‹u cá»±c khá»• hÆ¡n ng bth dÃ¹ khÃ´ng hiá»ƒu táº¡i sao<br>.NhÃ  Ã´ng t cÅ©ng cÃ³ trÆ°á»ng há»£p báº¥t háº¡nh nhÆ° báº¡n ká»ƒ. Khá»• tÃ¢m láº¯m chá»© Ä‘Ã¹a! NhÆ°ng náº¿u viá»‡c há» lÃ m lÃ  Ä‘Ãºng vÃ  thuáº­n Ã½ trá»i thÃ¬ Ä‘Ã¢u bá»‹ quáº£ bÃ¡o trá»i pháº¡t. CHá»©ng tá» viá»‡c háº§u Ä‘á»“ng áº¥y khÃ´ng pháº£i viá»‡c tá»‘t chá»© mÃ¬nh hay nhÃ¬n tháº¥y. T cÅ©ng máº¥t niá»m tin tá»« khi tháº¥y ng nhÃ  mÃ¬nh bá»‹ khá»• nhÆ° váº­y r. Thá» cÃºng gÃ¬ mÃ  k hiá»ƒu rÃµ sÃ¢u sáº¯c quáº£ bÃ¡o nhÆ° chÆ¡i",0,2023-07-31T05:11:46Z,s7Mew7rebLY
@haitrieunguyen1057,"LÃªn thuyá»n thÃ¬ dá»…, xuá»‘ng thuyá»n thÃ¬ khÃ³, khÃ©o tu thÃ¬ ná»•i, vá»¥ng tu thÃ¬ chÃ¬m.",1,2023-08-25T06:01:19Z,s7Mew7rebLY
@hienngo8644,@HoangTran-oo1wmlÃ  vÃ¬ há» lÃ m lá»™ thiÃªn cÆ¡ vÃ  xen vÃ o nhÃ¢n quáº£ cá»§a tráº§n gian,0,2024-02-27T10:32:48Z,s7Mew7rebLY
@lananhhoang5964,Con tháº§y Ä‘á»“ng em quen khoáº» láº¯m,0,2025-04-15T11:57:09Z,s7Mew7rebLY
@ThaoNgo11b1,TÃ´i cÅ©ng dt TÃ y vá»«a rá»“i bá»‘ máº¹ vá»«a mang cáº·p gÃ  Ä‘i gáº·p tháº§y bÃ³i cho tÃ´i ğŸ˜Š,0,2025-06-18T15:45:19Z,s7Mew7rebLY
@hungcao3565,Nay cÃ¡i nÃ o ai tin nhiá»u thÃ¬ lá»«a nhiá»u hÆ¡n thÃ´i cv nháº¹ lÆ°Æ¡ng cao,1,2023-02-18T01:47:08Z,s7Mew7rebLY
@ThangTran-eh8lm,"H SÆ¡n cÃ³ chÃ­nh kiáº¿n vÃ  hiá»ƒu ráº¥t sÃ¢u, Ä‘áº¡o Máº«u lÃ  báº£n sáº¯c riÃªng cá»§a dÃ¢n tá»™c thÃ´i, k cÃ³ nghÄ©a lÃ  cá»© pháº£i,,Háº§u/",2,2023-02-18T00:59:39Z,s7Mew7rebLY
@phamhp2864,"CÃ²n ráº¥t nhiá»u thÃ´ng tin sai láº§m. Vd nhÆ° háº§u Ä‘á»“ng khÃ´ng pháº£i lÃ  thÃ¡nh tháº§n nháº­p vÃ o ngÆ°á»i. MÃ¬nh lÃ m video giÃ¡o dá»¥c, tuyÃªn truyá»n cáº§n cÃ³ sá»± tÃ¬m hiá»ƒu ráº¥t kÄ© cÃ ng. CÃ¡i mÃ¬nh biáº¿t lÃ  10 thÃ¬ Ä‘i dáº¡y láº¡i ngÆ°á»i khÃ¡c chá»‰ 2, 3! Giá»‘ng nhÆ° cÃ´ giÃ¡o máº§m non cÅ©ng pháº£i há»c cao Ä‘áº³ng, hay cÃ´ giÃ¡o tiá»ƒu há»c pháº£i há»c tá»›i Ä‘áº¡i há»c! Xin Ä‘Æ°á»£c gÃ³p Ã½",5,2023-02-17T23:56:24Z,s7Mew7rebLY
@sansevieriavietnam,"Ä‘Ãºng roi, ráº¥t nhiá»u ngÆ°á»i mÃ¬nh biÃ©t á»Ÿ ngoÃ i Báº¯c bá»‹ Ä‘au Ä‘áº§u, bá»‡nh mÃ£n tÃ­nh khÃ´ng cÃ¡ch nÃ o chá»¯a Ä‘Æ°á»£c cho Ä‘áº¿n khi Ä‘i Giáº£i Cá»©u thÃ¬ TÃ  Linh Ä‘á»u khai ngÆ°á»i bá»‡nh tá»«ng háº§u Ä‘á»“ng, bÃ³i khoa, Ä‘á»™i bÃ¡t nhang ! pháº£i chi Ä‘áº¥t nÆ°á»›c mÃ¬nh sá»›m vÄƒn minh dáº¹p bá» háº¿t máº¥y cÃ¡i nÃ y Ä‘á»ƒ khá»i nÃºp bÃ³ng TÃ­n ngÆ°á»¡ng truyá»n thá»‘ng !",0,2023-09-28T04:41:22Z,s7Mew7rebLY
@phongNguyen-ie9oo,"Ä‘Ã¢y lÃ  tÃ  giÃ¡o, thÃ¡nh tháº§n nÃ o mÃ  nháº­p vÃ o cÆ¡ thá»ƒ Con ngÆ°á»i Ä‘áº§y Ã´ trÆ°á»£t ,cáº¥u uáº¿ chá»‰ cÃ³ Ma hoáº·c quá»· nháº­p mÃ  thÃ´i, Ä‘Ãºng lÃ  vÃ´ Minh",0,2023-02-17T23:26:29Z,s7Mew7rebLY
@thangnguyenuc6826,Xem bÃ³i ra ma quÃ©t nhÃ  ra rÃ¡c,0,2023-02-17T23:25:52Z,s7Mew7rebLY
@toiyeumancity5232,Gáº·p phÃ¡p sÆ° ÃO XANH lÃ  háº¿t linh ngayğŸ˜‚ğŸ˜‚ğŸ˜‚,4,2023-02-17T23:00:36Z,s7Mew7rebLY
@thuyhoangde,Láº¡i Ä‘Ãºng quÃ¡ cÆ¡. Bá»n háº§u Ä‘á»“ng cá»© báº¯t háº¿t Ä‘i cho dÃ¢n bá»›t u mÃª láº¡i,0,2023-02-20T05:10:28Z,s7Mew7rebLY
@HuyÄÃ mKhÃ¡nh,chua xem vd luat su hau dong ha,0,2024-09-03T15:29:21Z,s7Mew7rebLY
@chaubinhkk9351,"Cháº£ theo cÃ¡i Äáº¡o nÃ o. CÅ©ng cháº£ tin bá»‘ con tháº±ng nÃ o
ğŸ˜‚ğŸ˜‚ğŸ˜‚ğŸ˜‚",3,2023-02-17T19:21:23Z,s7Mew7rebLY
@kiennguyenviet7103,ThÃ¬ báº¡n thuá»™c thá»ƒ loáº¡i VÃ´ Äáº¡o,1,2023-02-18T16:47:49Z,s7Mew7rebLY
@chaubinhkk9351,@kiennguyenviet7103 sao biáº¿t hay váº­y,1,2023-04-12T13:23:22Z,s7Mew7rebLY
@Locbinose,"Con dao ko sai,  sai lÃ  do ngÆ°á»i sá»­ dá»¥ng dao.",4,2023-02-17T17:38:33Z,s7Mew7rebLY
@TruongDepTrai199,Xem bÃ³i kiá»ƒu bá»• cau Ä‘Ãºng nháº­n sai cáº£i kiá»ƒu nÃ y tháº¿ thÃ¬ cháº¿t Ã´ng hay Äƒn tráº§u á»Ÿ tiktok rá»“i. CÅ©ng hay kiá»ƒu xem váº­n má»‡nh bá»‘i toÃ¡n tá»‘n lÃºa thÃ³c láº¯m nÃ¨ :))),1,2023-02-17T17:22:23Z,s7Mew7rebLY
@tranthang5180,"Lá»«a Ä‘áº£o háº±ng trÄƒm triá»‡u Ä‘á»“ng mÃ  pháº¡t cÃ³ 7,5tr buá»“n tháº­t, chá»‹ HÆ°Æ¡ng nÃ y cáº§n bá»‹ pháº¡t náº·ng vÃ o, giáº£ tháº§n giáº£ quá»· phÃ¡n báº­y lung tung",2,2023-02-17T17:15:26Z,s7Mew7rebLY
@tonsea9728,"Gáº·p máº¥y tháº±ng tháº§y Ä‘á»“ng bá»‹p lá»«a tiá»n cÃ²n Ä‘á»¡ chá»© gáº·p pháº£i máº¥y tháº±ng láº­p kháº¿ Æ°á»›c vá»›i quá»· thÃ¬ xÃ¡c Ä‘á»‹nh nÃ³ hÃ nh cho cháº¿t, nÃ³ sáº½ cho mÃ¬nh Ä‘áº¡t Ä‘Æ°á»£c Æ°á»›c nguyá»‡n ngay tá»©c kháº¯c nhÆ°ng sau nÃ y mÃ¬nh cÃ ng ngÃ y cÃ ng phá»¥ thuá»™c vÃ o nÃ³",0,2023-02-17T16:29:17Z,s7Mew7rebLY
@el8125,Anh lÃ m vá» Tree of life vÃ  10 Sephiroth Ä‘Æ°á»£c khÃ´ng áº¡?,1,2023-02-17T15:48:38Z,s7Mew7rebLY
@QuyÃªn2723,Gáº§n 3 nÄƒm trá»Ÿ láº¡i Ä‘Ã¢y tÃ´i cÃ³ kháº£ nÄƒng nhÃ¬n tháº¥y tÆ°Æ¡ng lai cá»§a má»™t sá»‘ ngÆ°á»i . NhÆ°ng tÃ´i khÃ´ng tá»± chá»§ Ä‘Æ°á»£c kháº£ nÄƒng Ä‘áº¥y . NÃ³ khÃ´ng rÃµ rÃ ng vÃ  má»—i láº§n nhÆ° tháº¿ ngÆ°á»i ráº¥t má»‡t vÃ  buá»“n ngá»§.,10,2023-02-17T15:37:18Z,s7Mew7rebLY
@hoaviensanvuon5809,Äi lÃ m lá»… khai cÄƒn Ä‘Æ°á»£c rá»“i Ã¡,0,2025-03-17T15:22:12Z,s7Mew7rebLY
@duynguyen7356,"MÃ¬nh lÃ  tháº¿ há»‡ sau nÃªn khÃ´ng biáº¿t gÃ¬ vá» há»‡ tÃ¢m linh cáº£, khÃ´ng dÃ¡m phÃ¡n cÃ¡i gÃ¬ háº¿t, mÃ¬nh chá»‰ muá»‘n nÃ³i lÃ  mÃ¬nh khÃ´ng tin vÃ o há»‡ tÃ¢m linh, mÃ¬nh chá»‰ tin vÃ o khoa há»c nhÆ°ng mÃ¬nh yÃªu vÄƒn hoÃ¡, Ä‘áº·c biá»‡t lÃ  vÄƒn hoÃ¡ truyá»n thá»‘ng cho nÃªn mÃ¬nh váº«n sáº½ muá»‘n nhá»¯ng thá»© gÃ¬ thuá»™c vá» tÃ´n giÃ¡o, tÃ­n ngÆ°á»¡ng vÃ  tÃ¢m linh tá»“n táº¡i cho dÃ¹ xÃ£ há»™i cÃ³ phÃ¡t triá»ƒn hiá»‡n Ä‘áº¡i Ä‘áº¿n cá»¡ nÃ o Ä‘i chÄƒng ná»¯a, báº£o mÃ¬nh Ä‘i xem bÃ³i mÃ¬nh sáº½ khÃ´ng xem nhÆ°ng mÃ¬nh khÃ´ng lÃªn Ã¡n vÃ  cÅ©ng khÃ´ng cáº¥m ai xem cáº£, chá»‰ xin lÃ  hÃ£y giá»¯ nhá»¯ng thá»© gÃ¬ thuá»™c vá» vÄƒn hoÃ¡ Ä‘á»ƒ chÃºng tá»‘n táº¡i dÃ¹ dÆ°á»›i hÃ¬nh thá»©c nÃ y hay hÃ¬nh thá»©c khÃ¡c Ä‘á»«ng cÃ³ quÃ¡ lÃ  ká»³ thá»‹ hay cáº¥m triá»‡t Ä‘á»ƒ gÃ¬ cáº£, cÃ³ thá»ƒ lÃ  loáº¡i bá» nhá»¯ng tÃ¡c nhÃ¢n tiÃªu cá»±c cá»§a nÃ³ nhÆ° viá»‡c lá»«a Ä‘áº£o, lá»£i dá»¥ng kinh doanh....vv thÃ´i, Ä‘á»‘i vá»›i nhiá»u ngÆ°á»i tÃ¢m linh lÃ  1 thá»© gÃ¬ Ä‘Ã³ Ä‘á»ƒ há» Ä‘áº·t niá»m tin vÃ o, Ä‘á»ƒ lÃ m chá»— dá»±a tinh tháº§n cho há», Ä‘á»‘i vá»›i mÃ¬nh tÃ¢m linh cÅ©ng lÃ  vÄƒn hoÃ¡, mÃ  Ä‘Ã£ lÃ  vÄƒn hoÃ¡ thÃ¬ mÃ¬nh sáº½ tÃ´n trá»ng cho dÃ¹ mÃ¬nh khÃ´ng tin.",4,2023-02-17T14:53:44Z,s7Mew7rebLY
@Maimai4u,Tui bá»‹ á»‘p tháº­t nÃ y. Ban Ä‘áº§u cÅ©ng ko tinğŸ˜®,1,2023-02-22T05:41:46Z,s7Mew7rebLY
@tuaninh3101,"Nháº­p há»“n vá»›i cháº£ nháº­p xÃ¡c . Vá»› váº«n vl ğŸ˜‚ Tháº§n Pháº­t , ThÃ¡nh NhÃ¢n nÃ o mÃ  nháº­p ? Láº¥y sÃºng kÃª vÃ´ Ä‘áº§u thá»­ coi cÃ²n tháº§n vá»›i thÃ¡nh nháº­p ná»¯a khÃ´ng ğŸ˜ cháº³ng cÃ³ thÃ¡nh tháº§n nÃ o mÃ  thÃ¨m khÃ¡t váº­t cháº¥t , tiá»n tÃ i dÆ¡ dÃ¡y cá»§a con ngÆ°á»i mÃ  nháº­p vÃ´ thÃ¢n phÃ m hÃ´i thá»‘i cáº£ .  
Äem tiá»n tÃ i , váº­t cháº¥t Ä‘á»•i láº¡i bÃ¬nh an , tÃ i lá»™c ğŸ˜‚ vá»› váº«n . Há»‘i lá»™ ngay tá»« tÃ¢m thá»©c .",0,2023-02-17T12:27:39Z,s7Mew7rebLY
@user-ij2ih7mq8q,Vong linh thÃ¬ cÃ³ tháº­t chá»© tháº§n linh thÃ¬ khÃ´ng biáº¿t cÃ³ khÃ´ng ?,1,2023-02-17T12:13:16Z,s7Mew7rebLY
@tlnnews5191,Ai báº£o,0,2023-12-11T16:50:54Z,s7Mew7rebLY
@XitrumChannel,"Khen ai khÃ©o váº½ sá»± lÃªn Ä‘á»“ng,
Má»™t lÃºc lÃªn ngay sÃ¡u báº£y Ã´ng.
SÃ¡t quá»‰, Ã´ng dÃ¹ng thanh kiáº¿m ...gá»—,
Ra oai, bÃ  giáº¯t cÃ¡i ...khÄƒn há»“ng.
CÃ´ giÆ°Æ¡ng tay áº¥n, tan tÃ nh nÃºi,
Cáº­u chá»‰ ngá»n cá» cáº¡n rá»‘c sÃ´ng.
Äá»“ng giá»i sao Ä‘á»“ng khÃ´ng giÃºp nÆ°á»›c?
Hay lÃ  Ä‘á»“ng sá»£ sÃºng tháº§n cÃ´ng?",16,2023-02-17T11:36:59Z,s7Mew7rebLY
@HuyÄÃ mKhÃ¡nh,"Cháº³ng ai váº½ Ä‘Æ°á»£c sá»± lÃªn Ä‘á»“ng<br>NÄƒm tÃ²a Quan Lá»›n gá»i TÃ´n Ã”ng<br>SÃ¡t quy, Ã”ng dÃ¹ng thanh kiáº¿m ThÃ¡nh<br>Ra oai, Cháº§u BÃ  Chiáº¿u HÃ o Quang.<br>CÃ´ giÆ°Æ¡ng tay áº¥n, ban Gia lá»™c ,<br>Cáº­u chá»‰ ngá»n cá» trÄƒm nhÃ  vui .<br>Äá»“ng giá»i nhÆ°ng khÃ´ng thá»ƒ giÃºp nÆ°á»›c ?<br>VÃ¬ Äá»“ng cÃ²n dá»Ÿ viá»‡c cá»©u dÃ¢n!!",1,2024-09-03T15:23:54Z,s7Mew7rebLY
@phuocang8560,"Háº§u cÃ¡i tÃ¢m mÃ¬nh má»›i lÃ  chÃ­nh, máº«u nÃ o mÃ  khÃ´ng hÆ°á»›ng tÃ¢m thÃ¬ Ä‘á»u lÃ  ma máº«u.",3,2023-02-17T11:18:39Z,s7Mew7rebLY
@nguyenphong4422,AQ lÃ m cáº£ vá» thá»ƒ loáº¡i nÃ y ná»¯a ah? Ngáº¡c nhiÃªn tháº­t chá»‰ nghe vá» bÃ³ng Ä‘Ã¡ thÃ´i ....,1,2023-02-17T10:40:37Z,s7Mew7rebLY
@lele7334,Tui coÌ cÄƒn sÃ´Ì maÌ€ chiÌ‰ giuÌp Ä‘Æ¡Ìƒ ngÆ°Æ¡Ì€i hÆ°Ìƒu duyÃªn thÃ´i. Vd nhÆ° mh biÃªÌt trÆ°Æ¡Ìc mh hÃ´m Ä‘oÌ ntn .CoÌ€n gÄƒÌ£p ngÆ°Æ¡Ì€i sÄƒÌp biÌ£ naÌ€y kia mh chiÌ‰ cho caÌch laÌ€m nheÌ£ chÆ°Ì k phaÌ‰i traÌnh dc,3,2023-02-17T10:35:38Z,s7Mew7rebLY
@thuannhu2367,Báº¡n cho mÃ¬nh con sá»‘ chá»© khá»• quÃ¡,0,2023-02-17T12:33:05Z,s7Mew7rebLY
@tuetrancao,"báº¡n cÃ³ biáº¿t thiáº¿t káº¿ há»‡ thá»‘ng cÃ´ng nghá»‡ cho tÃ u vÅ© trá»¥ khÃ´ng , giÃºp mÃ¬nh vá»›i",0,2023-04-22T05:16:33Z,s7Mew7rebLY
@vantuannguyen1810,Ã”ng chá»§ tÃ¢n hoÃ ng minh Ä‘Ã£ xem CT nÃ y ğŸ¤£ğŸ¤£ğŸ¤£,2,2023-02-17T10:19:25Z,s7Mew7rebLY
@Chon_Nhu,"NgÆ°á»i háº§u Ä‘á»“ng lÃ  tá»± má»Ÿ cÃ¡nh cá»­a tÃ¢m linh cá»§a mÃ¬nh cho cÃ¡c loÃ i phi nhÆ¡n, Ã¢m binh nháº­p vÃ o vÃ  chá»‰ dáº«n mÃºa may, sau rá»“i xem bÃ³i cÃ¡c kiá»ƒu. Nhá»¯ng ngÆ°á»i nÃ y tÆ°Æ¡ng lai tháº§n khÃ­ má»—i ngÃ y suy giáº£m, sá»©c khoáº» má»—in ngáº§y má»—i yáº¿u vÃ¬ Ã¢m thá»‹nh dÆ°Æ¡ng suy. VÃ  1 khi bÆ°á»›c vÃ o con Ä‘Æ°á»ng nÃ y lÃ  sá»‘ pháº­n Ä‘á»i nÃ y bÃ¡n linh há»“n cho Ã¢m binh vÃ  nhiá»u Ä‘á»i sau Ä‘Ã³. Muá»‘n thoÃ¡t ra dc thÃ¬ pháº£i cÃ³ Ä‘áº¡i phÆ°á»›c duyÃªn cÃ³ ngÆ°á»i Ä‘á»§ lá»±c tu, trÃ¬ chÃº, giáº£i vong má»›i kÃ©o há» ra khá»i â€œ nÆ¡i thÃ¡c loáº¡nâ€ Ä‘Ã³. TÃ´i cÃ³ 1 ngÆ°á»i há»c Ä‘áº¡o Ä‘Ã£ háº§u Ä‘á»“ng vÃ  sau Ä‘Ã³ dc thoÃ¡t ra, giá» ng nÃ y tu theo Máº­t TÃ´ng dÃ²ng mÅ© tráº¯ng.",0,2023-02-17T10:14:30Z,s7Mew7rebLY
@thichcakhia6700,"Quan chá»©c Tham nhÅ©ng hay sá»£ nhiá»u thá»©. Há» thÆ°á»ng Ä‘i háº§u Ä‘á»“ng, xem bÃ³i, xin áº¥n... Ä‘á»ƒ cáº§u xin 1 tháº¿ lá»±c "" vÃ´ hÃ¬nh"" giÃºp mÃ¬nh khÃ´ng Ä‘i 'bÃ³c lá»‹ch'.",1,2023-02-17T09:47:43Z,s7Mew7rebLY
@hongphucle9253,"NhÆ°ng mÃ  cÃ³ tháº­t Ä‘áº¥y má»i ngÆ°á»i,ngÃ y xÆ°a bÃ  ngoáº¡i t cÅ©ng Ä‘i nháº£y Ä‘á»“ng xong thi thoáº£ng vá» nhÃ  cÅ©ng bá»‹ nháº­p Ã¡",1,2023-02-17T09:46:53Z,s7Mew7rebLY
@vancongtruong9682,Há»i hoÃ i linh sáº½ rÃµ,1,2023-02-17T09:46:45Z,s7Mew7rebLY
@hoangson2620,"Tháº¥y cÃ³ nhiá»u ngÆ°á»i nÃ³i A QuÃ¢n Ä‘Æ°a sai thÃ´ng tin, thÆ°á»ng quan niá»‡m thÃ¡nh khÃ´ng nháº­p vÃ o ngÆ°á»i phÃ m. Báº£n cháº¥t cá»§a Äáº¡o Máº«u (VN) cÅ©ng Ä‘á»“ng dáº¡ng nguá»“n gá»‘c nhÆ° Shaman giÃ¡o (Nga), TÃ¡t MÃ£n (TQ), Tháº§n XÃ£ (Nháº­t). Báº¡n cÃ³ láº½ Ä‘ang nháº§m láº«n quan niá»‡m ThÃ¡nh trong Äáº¡o giÃ¡o Ä‘á»ƒ nÃ³i vá» Äáº¡o Máº«u. ThÃ¡nh trong Äáº¡o giÃ¡o thÆ°á»ng Ä‘Æ°á»£c biáº¿t Ä‘áº¿n vá»›i khÃ¡i niá»‡m thanh cao, há» sáº½ khÃ´ng nháº­p vÃ o thÃ¢n thá»ƒ ngÆ°á»i tráº§n tá»¥c, báº£n thÃ¢n cÃ¡c Ä‘áº¡o sÄ© muá»‘n giao tiáº¿p vá»›i ThÃ¡nh sáº½ pháº£i láº­p Ä‘iá»‡n thá», láº­p bÃ n cÃºng, dÃ¹ng phÃ¡p báº£o, niá»‡m chÃº nháº±m má»¥c Ä‘Ã­ch mÆ°á»£n nÄƒng lá»±c, nÃ³i cÃ¡ch khÃ¡c lÃ  mÆ°á»£n uy, mÆ°á»£n bÃ³ng hoáº·c truyá»n Ä‘áº¡t Ã½ chÃ­ cá»§a ThÃ¡nh thÃ´ng qua cÃ¡c biáº¿n Ä‘á»•i sá»± váº­t, sá»± viá»‡c sau lá»… láº­p Ä‘Ã n hoáº·c qua hÃ¬nh thá»©c bÃ¡o má»™ng. KhÃ¡c vá»›i Äáº¡o giÃ¡o, Shaman hay Äáº¡o Máº«u khÃ´ng cÃ³ khÃ¡i niá»‡m thÃ¢n thá»ƒ ngÆ°á»i phÃ m thÃ¬ Ã´ uáº¿, thÃ¡nh nhÃ¢n thÃ¬ thanh cao nÃªn khÃ´ng nháº­p. Trong quan niá»‡m Shaman giÃ¡o ngÆ°á»i Ä‘Æ°á»£c chá»n lÃ m ""táº¿ tÆ°"" thÆ°á»ng Ä‘Æ°á»£c coi lÃ  sá»© giáº£ cá»§a tháº§n linh, hay nÃ³i theo cÃ¡ch nÃ³i cá»§a VN lÃ  ngÆ°á»i cÃ³ cÄƒn Ä‘á»“ng, khi há» lá»±a chá»n lÃ m sá»© giáº£ báº£n thÃ¢n há» Ä‘Ã£ pháº£i lÃ m ""nghi lá»…"" Ä‘á»ƒ liÃªn káº¿t linh há»“n há» vá»›i vá»‹ tháº§n mÃ  há» tÃ´n thá» Ä‘á»ƒ nháº­n Ä‘Æ°á»£c sá»± báº£o há»™. CÃ¡c vá»‹ tháº§n linh trong Shaman cÅ©ng cÃ³ thá»ƒ mÆ°á»£n thÃ¢n xÃ¡c há» 1 thá»i gian ngáº¯n Ä‘á»ƒ truyá»n Ä‘áº¡t láº¡i Ã½ chá»‰ cá»§a há» vá»›i con ngÆ°á»i. CÃ¡c vá»‹ tháº§n linh trong Shaman, TÃ¡t MÃ£n cÃ³ thá»ƒ lÃ  cÃ¢y cá»‘i, Ä‘á»™ng váº­t tu tiÃªn, Äáº¡o Máº«u cá»§a VN thÃ¬ chá»n hÃ¬nh tÆ°á»£ng ngÆ°á»i máº¹, cÃ²n Nháº­t há» lá»±a chá»n tháº§n Máº·t Trá»i Ä‘á»ƒ Ä‘á»ƒ thá» phá»¥ng. LÃºc Ä‘áº¥y thÃ¢n xÃ¡c cá»§a táº¿ tÆ° Ä‘Æ°á»£c coi lÃ  ""cáº§u ná»‘i"". Muá»‘n má»Ÿ Ä‘Æ°á»£c ""cáº§u ná»‘i"" giá»¯a 2 tháº¿ giá»›i thÃ¬ nhá»¯ng ngÆ°á»i ""táº¿ tÆ°"" pháº£i lÃ m má»™t sá»‘ nghi lá»… Ä‘á»ƒ Ä‘Æ°a tÃ¢m trÃ­ tiáº¿n tá»›i tráº¡ng thÃ¡i hÃ´n mÃª, cÃ¡c nghi lá»… thÆ°á»ng tháº¥y táº¿ tÆ° trong Shaman sá»­ dá»¥ng lÃ m ""chÃ¬a khoÃ¡"" Ä‘á»ƒ má»Ÿ ""cáº§u ná»‘i"" lÃ  nháº£y mÃºa cÃ¡c Ä‘iá»‡u nháº£y Ä‘áº·c biá»‡t Ä‘á»ƒ má»i gá»i tháº§n linh, kÃ¨m theo Ä‘Ã³ lÃ  hÃ¡t hoáº·c Ä‘á»c chÃº ngá»¯. Trong Shaman hoáº·c TÃ¡t MÃ£n há» cÃ²n sá»­ dá»¥ng thÃªm cáº£ rÆ°á»£u Ä‘áº·c cháº¿ Ä‘á»ƒ uá»‘ng trong lÃºc mÃºa hÃ¡t lÃ m lá»…. VÃ  Ä‘iá»u lÆ°u Ã½ trong Shaman giÃ¡o lÃ  khi liÃªn káº¿t linh há»“n vá»›i vá»‹ tháº§n nÃ o thÃ¬ chá»‰ cÃ³ vá»‹ tháº§n Ä‘Ã³ mÆ°á»£n thÃ¢n xÃ¡c ""táº¿ tÆ°"" Ä‘Ã³, khÃ´ng cÃ³ chuyá»‡n lÃ  1 lÃºc nháº­p toÃ© loe bá»‘n, nÄƒm vá»‹ ThÃ¡nh, cá»© háº¿t ThÃ¡nh nÃ y ra thÃ¬ ThÃ¡nh kia vÃ o nhÆ° máº¥y cÃ¡i thá»ƒ loáº¡i háº§u Ä‘á»“ng biáº¿n tÆ°á»›ng nhÆ° hiá»‡n nay Ä‘Ã¢u. Cho nÃªn A QuÃ¢n Ä‘Æ°a thÃ´ng tin lÃ  ThÃ¡nh mÆ°á»£n thÃ¢n thá»ƒ lÃ  Ä‘Ãºng khÃ´ng há» sai, váº¥n Ä‘á» lÃ  do sá»± viá»‡c biáº¿n tÆ°á»›ng trong xÃ£ há»™i kÃ¨m theo khÃ´ng hiá»ƒu rÃµ rÃ ng vá» báº£n cháº¥t, cÃ¡c nghi thá»©c cá»§a Shaman giÃ¡o cho nÃªn dáº«n Ä‘áº¿n nhiá»u ngÆ°á»i hiá»ƒu sai, hoáº·c nháº§m láº«n quan niá»‡m Shaman giÃ¡o hay Äáº¡o Máº«u cá»§a mÃ¬nh sang cÃ¡c quan niá»‡m cá»§a giÃ¡o phÃ¡i khÃ¡c. VÃ  hiá»‡n nay má»i ngÆ°á»i hay tháº¥y dáº¡ng lá»«a Ä‘áº£o lÃ  cÃºng bÃ¡i gá»i há»“n hay vong nÃ y vong kia nháº­p vÃ o thÃ¢n thÃ¬ nÃ³ khÃ´ng pháº£i lÃ  Äáº¡o Máº«u, Äáº¡o Máº«u chá»‰ cÃ³ tháº§n nháº­p vÃ o ngÆ°á»i ""táº¿ tÆ°"" chá»© khÃ´ng cho phÃ©p ba cÃ¡i thá»© táº¡p nham nháº­p thÃ¢n. CÃ²n hiá»‡n tÆ°á»£ng nÃ y vong nháº­p nÃ y lÃ  cá»§a bÃªn Äáº¡o giÃ¡o, mÃ  khi bá»‹ vong chiáº¿m thÃ¢n xÃ¡c thÃ¬ nÃ³ khÃ´ng cÃ³ tá»± ""thÄƒng"" Ä‘Æ°á»£c mÃ  pháº£i nhá» phÃ¡p sÆ° trá»¥c vong nÃ³ má»›i ra. NÃªn má»i ngÆ°á»i trÃ¡nh hiá»ƒu láº§m vÃ  Ä‘á»• oan cho Ä‘áº¡o Máº«u.",72,2023-02-17T09:23:14Z,s7Mew7rebLY
@el8125,Nice information bro.,0,2023-02-17T15:49:36Z,s7Mew7rebLY
@thanhlongtran2167,CÃ³ kiáº¿n thá»©c Ä‘áº¥y,0,2023-02-17T23:46:53Z,s7Mew7rebLY
@angtran4119,"Hay quÃ¡ áº¡, tháº±ng bÃ¬nh luáº­n viÃªn thá»ƒ thao biáº¿t gÃ¬ mÃ  nÃ³i",1,2023-02-18T11:55:42Z,s7Mew7rebLY
@hoangson2620,"Diá»‡u Thanh cÃ¡i nÃ y lÃ  do tÃ´i hay cÃ³ sá»Ÿ thÃ­ch Ä‘á»c hay tÃ¬m hiá»ƒu cÃ¡c truyá»‡n tÃ­nh cháº¥t tÃ¢m linh kÃ¬ bÃ­ nÃªn tá»± mÃ¬nh Ä‘Ãºc káº¿t láº¡i Ä‘Æ°á»£c nhá»¯ng chi tiáº¿t khÃ¡c nhau trong cÃ¡c tÃ´n giÃ¡o. Äáº·c biá»‡t lÃ  cÃ¡c truyá»‡n kinh dá»‹, tranh hay chá»¯ cá»§a TQ Ä‘á»u cÃ³ hay nÃ³i vá» cÃ¡c loáº¡i hÃ¬nh thá»©c tu Ä‘áº¡o hay tÃ  thuáº­t trong Äáº¡o giÃ¡o hoáº·c cÃ¡c hÃ¬nh thá»©c tÃ´n thá» tháº§n thoáº¡i cá»§a cÃ¡c dÃ¢n tá»™c thiá»ƒu sá»‘, Ä‘áº·c biá»‡t lÃ  ngÆ°á»i MÃ´ng trong Ä‘Ã³ cÃ³ cÃ¡i gá»i lÃ  nuÃ´i cá»• trÃ¹ng, bÃ¹a ngáº£i, nuÃ´i thi, hoáº·c thÃ´ng linh trong TÃ¡t MÃ£n cá»• cá»§a ngÆ°á»i MÃ£n phÃ­a Báº¯c TQ. Chá»© ChatGPT nÃ³ khÃ´ng pháº£i cÃ¡i gÃ¬ cÅ©ng biáº¿t Ä‘Æ°á»£c Ä‘Ã¢u.",1,2023-02-18T12:09:28Z,s7Mew7rebLY
@hoangson2620,"@angtran4119 A QuÃ¢n chá»‰ láº¥y thÃ´ng tin trÃªn wiki Ä‘á»ƒ nÃ³i vá» váº¥n Ä‘á» nÃ y thÃ´i  báº¡n, chá»© biáº¿t chuyÃªn sÃ¢u thÃ¬ khÃ´ng pháº£i lÄ©nh vá»±c cá»§a ng ta nÃªn A QuÃ¢n ko nÃ³i kÄ© Ä‘Æ°á»£c. CÃ¡i nÃ y muá»‘n biáº¿t sÃ¢u hÆ¡n 1 chÃºt thÃ¬ cÃ³ thá»ƒ tÃ¬m Ä‘á»c cÃ¡c truyá»‡n kinh di cá»§a TQ thÃ¬ sáº½ hiá»ƒu hÆ¡n nhiá»u vá» cÃ¡c cÃ¡ch thá»©c vÃ  nghi lá»… trong cÃ¡c tÃ´n giÃ¡o nÃ y. Qua Ä‘Ã³ thÃ¬ cÅ©ng dá»… phÃ¢n biá»‡t hÆ¡n cÃ¡c &quot;quan niá»‡m&quot; trong tá»«ng giÃ¡o phÃ¡i khÃ¡c nhau. Chá»© Ä‘á»c trÃªn cÃ¡c thÃ´ng tin Ä‘áº¡i chÃºng thÃ¬ há» chá»‰ thá»‘ng kÃª nhá»¯ng cÃ¡i quan niá»‡m chung nháº¥t trong giÃ¡o, nhá»¯ng nÃ©t vÄƒn hoÃ¡ trong tÃ´n giÃ¡o Ä‘Ã³ thÃ´i chá»© khÃ´ng Ä‘i sÃ¢u vÃ o cÃ¡c chi tiáº¿t khÃ¡c cá»§a tÃ´n giÃ¡o Ä‘Ã³ Ä‘Ã¢u.",1,2023-02-18T12:14:23Z,s7Mew7rebLY
@hoangson2620,"nguyá»…n phÆ°á»›c báº£o báº¡n biáº¿t vÃ¬ sao há» láº¡i lá»£i dá»¥ng Ä‘Æ°á»£c tÃ´n giÃ¡o Ä‘á»ƒ lá»«a tiá»n khÃ´ng? VÃ¬ báº£n cháº¥t ngÆ°á»i bá»‹ lá»£i dá»¥ng cháº³ng biáº¿t gÃ¬ vá» báº£n cháº¥t, nghi thá»©c hay há»‡ thá»‘ng tÆ° tÆ°á»Ÿng trong tÃ´n giÃ¡o Ä‘Ã³ cáº£. VÃ¬ tháº¿ ngÆ°á»i khÃ´ng biáº¿t má»›i bá»‹ lá»£i dá»¥ng, há» cÃ³ lÃ²ng tin mÃ¹ quÃ¡ng vÃ o nhá»¯ng thá»© mÃª tÃ­n dá»‹ Ä‘oan má»›i xáº£y ra sá»± viá»‡c bá»‹ lá»«a. CÃ²n khi báº¡n cÃ³ sá»± hiá»ƒu biáº¿t trong tÃ´n giÃ¡o Ä‘Ã³, dÃ¹ khÃ´ng biáº¿t nhiá»u thÃ¬ chÃ­ Ã­t báº¡n cÅ©ng sáº½ phÃ¢n biá»‡t Ä‘Æ°á»£c sá»± khÃ¡c nhau giá»¯a cÃ¡ch tÃ´n giÃ¡o. PhÃ¢n biá»‡t Ä‘Æ°á»£c cÃ¡ch thá»©c, tÆ° tÆ°á»Ÿng, giÃ¡o lÃ­ cá»§a nÃ³ thÃ¬ khi gáº·p pháº£i 1 sá»± viá»‡c, báº¡n sáº½ biáº¿t Ä‘Æ°á»£c cÃ¡i nÃ o lÃ  hÃ¬nh thá»©c vÄƒn hoÃ¡, cÃ¡i nÃ o lÃ  hÃ nh vi lá»«a Ä‘áº£o. Chá»© suá»‘t ngÃ y chá»‰ nÃ³i Ä‘áº¿n pháº§n ngá»n, láº¡i cÃ²n chá»‰ chá»n nhá»¯ng nhÃ¡nh ngá»n cÃ¢y má»¥c rá»¯a Ä‘á»ƒ nÃ³i cÃ²n pháº§n gá»‘c cháº³ng biáº¿t nÃ³ nhÆ° tháº¿ nÃ o thÃ¬ cuá»‘i cÃ¹ng cÅ©ng khÃ´ng bá»‹ lá»«a bá»Ÿi tÃ´n giÃ¡o nÃ y thÃ¬ cÅ©ng bá»‹ lá»«a bá»Ÿi tÃ´n giÃ¡o khÃ¡c thÃ´i. Bá»‹ lá»«a láº¯m rá»“i láº¡i dá»… sinh ra quy chá»¥p, coi cÃ¡i hÃ¬nh thá»©c tÃ´n giÃ¡o nÃ o cÅ©ng lÃ  mÃª tÃ­n dá»‹ Ä‘oan thÃ¬ tá»± dÆ°ng láº¡i thui chá»™t Ä‘i nhá»¯ng nÃ©t Ä‘áº¹p vÄƒn hoÃ¡, nhá»¯ng giÃ¡ trá»‹ Ä‘áº¡o Ä‘á»©c trong tÃ´n giÃ¡o Ä‘Ã³. CÃ²n cÃ¡i trÃ² Ä‘á»“ng bÃ³ng gá»i há»“n cho vong linh nháº­p vÃ o cÃ¡i nÃ y khÃ´ng pháº£i lÃ  cá»§a Äáº¡o Máº«u, cÃ¡i nÃ y lÃ  nháº­p vong, nÃ³ xuáº¥t hiá»‡n trong lÃ­ giáº£i cá»§a Äáº¡o giÃ¡o, má»i ngÆ°á»i hiá»‡n nay Ä‘ang vu oan cho Äáº¡o Máº«u.",0,2023-02-18T14:02:19Z,s7Mew7rebLY
@hoangson2620,"nguyá»…n phÆ°á»›c báº£o báº¡n nÃ³i hay nhá»‰? NÃ³i nhÆ° báº¡n thÃ¬ lÃ m gÃ¬ cÃ³ Pháº­t, lÃ m gÃ¬ cÃ³ ChÃºa, lÃ m gÃ¬ cÃ³ ThÃ¡nh Tháº§n, lÃ m gÃ¬ cÃ³ linh há»“n Ã´ng bÃ  tá»• tiÃªn mÃ  thá» phá»¥ng. Báº¡n nÃªn kiáº¿n nghá»‹ lÃªn chÃ­nh phá»§, chá»— bá»™ vÄƒn hoÃ¡ lÃ  nÃªn Ä‘áº­p bá» háº¿t Ä‘á»n thá» vá»›i tÆ°á»£ng máº«u Máº«u Liá»…u Háº¡nh, máº«u Máº«u ThÆ°á»£ng NgÃ n vÃ  Máº«u Thoáº£i Ä‘i vÃ¬ 3 vá»‹ Ä‘áº¥y lÃ  3 vá»‹ máº«u tam phá»§ trong Äáº¡o Máº«u Ä‘áº¥y. Báº£o luÃ´n UNESCO tÆ°á»›c cÃ¡i danh hiá»‡u vÄƒn hoÃ¡ phi váº­t thá»ƒ cá»§a thá» máº«u Tam Phá»§ luÃ´n chá»© cá»© Ä‘á»ƒ cho lÃªn Ä‘á»n thá» nháº£y nháº£y mÃºa mÃºa truyá»n bÃ¡ &quot;tÆ° tÆ°á»Ÿng tÃ­n dá»‹ Ä‘oan&quot; vá»›i Ä‘i cÃ´ng nháº­n hÃ¬nh thá»©c mÃª tÃ­n dá»‹ Ä‘oan lÃ  khÃ´ng Ä‘Ãºng rá»“i ğŸ˜. Bá» luÃ´n cÃ¡i ban thá» á»Ÿ nhÃ  Ä‘i cÅ©ng Ä‘Æ°á»£c vÃ¬ máº¥y cÃ¡i hÃ¬nh thá»©c cÃºng bÃ¡i Ã´ng bÃ , vÃ¬ sao pháº£i tháº¯p 3 cÃ¢y nhang nÃ³ xuáº¥t phÃ¡t tá»« trong Äáº¡o giÃ¡o mÃ  ra Ä‘áº¥y ğŸ˜",0,2023-02-18T16:16:31Z,s7Mew7rebLY
,Hay quÃ¡. Cáº£m Æ¡n b Ä‘Ã£ Ä‘Æ°a thÃ´ng tin,0,2023-02-18T17:13:24Z,s7Mew7rebLY
,"@angtran4119ngÆ°á»i ta cÃ³ Ä‘á»™i ngÅ© tÃ¬m hiá»ƒu. CÃ²n Anh QuÃ¢n lÃ  ngÆ°á»i nÃ³i. Giá»‘ng nhÆ° kÃªnh Tuáº¥n Tiá»n Tá»‰ hay V Facts, há» cÃ³ nÄƒng lá»±c nÃ³i, cÃ²n Ä‘á»™i ngÅ© sáº½ lÃ  ngÆ°á»i tÃ¬m hiá»ƒu, tá»•ng há»£p thÃ´ng tin.",0,2023-02-18T17:15:31Z,s7Mew7rebLY
@ngoctuandang2088,Khi nhÃ  nÃ³ chÆ°a cÃ³ chuyá»‡n liÃªn quan Ä‘áº¿n tÃ¢m linh thÃ¬ nÃ³ sáº½ ko bao giá» tin cÃ³ tháº§n pháº­t Ä‘Ã¢u báº¡n. MÃ¬nh ko theo Ä‘áº¡o Pháº­t nhÆ°ng mÃ¬nh cÃ³ tÆ° tÆ°á»Ÿng Ä‘áº¡o giÃ¡o thá»­ há»i cÃ³ ai ko cÃ³ tÃ¢m thiá»‡n hÆ°á»›ng vá» má»™t cÃ¡i j Ä‘Ã³ thÃ¬ sáº½ ra sao. CÃ¡c bÃ¡c báº£o vÃ´ tháº§n vÃ´ pháº­t nhÆ°ng cÃ¡c báº¡n váº«n tin ráº±ng tháº¯p hÆ°Æ¡ng Ä‘á»ƒ cÃ¡c cá»¥ phÃ¹ há»™ cho. NhÆ°ng khi tay tháº¯p hÆ°Æ¡ng mÃ  nghÄ© ko cÃ³ gÃ¬ Ä‘Ã¢u sáº½ váº£ láº¡i nhá»¯ng suy nghÄ© cá»§a cÃ¡c báº¡n. CÃ¡c báº¡n cÃ³ thá»ƒ pháº£n Ã¡nh nhÆ°ng cÃ´ Ä‘á»“ng bÃ  cá»‘t mÆ°á»£n tÃ¢m linh Ä‘á»ƒ kiáº¿m tiá»n lÃ  Ä‘Ãºng. NhÆ°ng cÃ¡c báº¡n thá»­ nhÃ¬n xem nhá»¯ng ngÆ°á»i nÃ³i Ä‘Ãºng vá» cÃ¡c báº¡n vÃ  báº£o báº¡n trÃ¡nh náº¡n thÃ¬ ngÆ°á»i ta ko bao giá» nÃ³i Ä‘Ãºng. VÃ¬ náº¿u nÃ³i Ä‘Ãºng thÃ¬ sáº½ tiáº¿t lá»™ thiÃªn cÆ¡ con chÃ¡u ngÆ°á»i ta sáº½ lÃ  ngÆ°á»i gÃ¡nh háº­u quáº£. CÃ¡c báº¡n cá»© thá»­ Ä‘i xin tháº» thÃ¬ tháº» cÃ ng xáº¥u thÃ¬ sáº½ cÃ ng tá»‘t vÃ  ngÆ°á»£c láº¡i cÃ¡c báº¡n Ä‘á»«ng bao giá» nghÄ© sáº½ chá»‘ng láº¡i ná»•i sá»‘ má»‡nh. Tháº§y bÃ³i báº£o báº¡n cáº©n tháº­n nhÆ°ng cÃ¡c báº¡n sáº½ nghÄ© tháº±ng nÃ y nÃ³ hÃ¹ mÃ¬nh. NhÆ°ng náº¿u nÃ³i ra háº¡n cá»§a báº¡n ngÆ°á»i ta sáº½ tráº£ báº±ng tuá»•i thá» nÃªn náº¿u ngÆ°á»i ta tÃ¬m hiá»ƒu báº¡n lÃ  ngÆ°á»i nhÃ¢n Ä‘á»©c ngÆ°á»i ta sáº½ giÃºp báº¡n cÃ²n khi báº¡n ko tá»­ táº¿ thÃ¬ sáº½ thÃ nh ná»‘i giÃ¡o cho giáº·c. CÃ¡c báº¡n sá»‘ng tá»­ táº¿ vÃ  lÆ°Æ¡ng thiá»‡n thÃ¬ quá»· tháº§n ko bao giá» sá» Ä‘áº¿n cÃ¡c báº¡n chá»‰ tháº¿ thÃ´i. Sá»‘ng Ã¡c Ä‘Ã²i háº­u váº­n tá»‘t thÃ¬ ko cÃ³ Ä‘Ã¢u Ä‘á»i cha Äƒn máº·n Ä‘á»i con khÃ¡t nÆ°á»›c cÃ¡c báº¡n chá»‰ cáº§n nghÄ© tháº¿ thÃ´i,1,2023-02-21T11:12:45Z,s7Mew7rebLY
@thanhluong7019,@ngoctuandang2088 luáº­t nhÃ¢n quáº£ . TÃ¬m hiá»ƒu trong Ä‘áº¡o pháº­t sáº½ tháº¥u,0,2023-02-21T12:38:47Z,s7Mew7rebLY
@QUYTVN,táº¥t cáº£ tÃ  Ä‘áº¡o chÃ­nh Ä‘áº¡o..táº¡o ra Ä‘á»u pvu lá»£i Ã­ch cho nn ..Ä‘áº¡o nÃ o pháº£n lÃ  bá»‹ dáº¹p,0,2023-02-21T15:29:52Z,s7Mew7rebLY
@RuthMBrown73,Táº¥t cáº£ cÃ¡c hÃ¬nh thá»©c nÃ y Ä‘á»u lÃ  thá» Satan,0,2023-03-07T05:32:34Z,s7Mew7rebLY
@haoduong4613,Äáº¡o máº«u lÃ  hiá»‡n tÆ°á»£ng tam giÃ¡o Ä‘á»“ng nguyÃªn mÃ  hÃ¬nh thÃ nh nÃªn bÃªn trong Ä‘Ã³ Ä‘c du nháº­p ráº¥t nhiá»u yáº¿u tá»‘ tá»« tam giÃ¡o( Nho- Ä‘áº¡o- thÃ­ch) nÃªn máº·c dÃ¹ Ä‘áº¡o máº«u cÃ³ hÃ¬nh thá»©c shaman nhÆ°ng cá»‘t lÃµi láº¡i khÃ¡c vs nhá»¯ng tÃ­n ngÆ°á»¡ng shaman khÃ¡c trÃªn tháº¿ giá»›i ko cÃ³ gÃ¬ lÃ  láº¡. NÃªn chuyá»‡n trong Ä‘áº¡o máº«u cÆ¡ thá»ƒ ngÆ°á»i phÃ m dÆ¡ báº©n nÃªn thÃ¡nh ko nháº­p vÃ o lÃ  hoÃ n toÃ n há»£p lÃ½ báº¡n nhÃ©,0,2023-04-07T07:54:01Z,s7Mew7rebLY
@LinhNguyen-hz7mq,nguyenphuocbaocm nhiá»u chuyá»‡n biáº¿t chÆ°a Ä‘Ã£ nÃ³i ko nÃ£o,0,2023-10-19T14:10:49Z,s7Mew7rebLY
@LinhNguyen-hz7mq,nguyenphuocbaocm ko biáº¿t tá»‘t nháº¥t lÃ  ko nÃ³i,0,2023-10-19T15:28:32Z,s7Mew7rebLY
@Tandat7767,"â€‹nguyenphuocbaocmcÆ¡ báº£n thÃ¬ váº¥n Ä‘á» lá»£i dá»¥ng tÃ¢m linh, tÃ­n ngÆ°á»¡ng, Ä‘á»ƒ  trá»¥c lá»£i cÃ¡ nhÃ¢n lÃ  váº¥n Ä‘á» khÃ³ mÃ  trÃ¡nh khá»i. VÃ¬ con ngÆ°á»i ai cháº£ cÃ³ lÃ²ng tham,  nhÆ°ng mÃ  cÃ¡ nhÃ¢n t cho ráº±ng ko thá»ƒ vÃ¬ má»™t vÃ i trÆ°á»ng há»£p ngoáº¡i lá»‡ mÃ  Ä‘Ã¡nh giÃ¡ xáº¥u cáº£ má»™t vÄƒn hoÃ¡ hay tÃ´n giÃ¡o Ä‘c.",0,2023-10-19T15:55:52Z,s7Mew7rebLY
@life.is.miracle1568,"Shaman hay ko Shaman, Máº«u hay ko Máº«u cÅ©ng chá»‰ lÃ  hÃ¬nh thá»©c &quot;ChÃºng sinh khÃ¡c ko pháº£i ngÆ°á»i nháº­p&quot; chá»‰ tháº¿ thÃ´i. PhÃ¢n cÃ¡i nÃ y cÃ¡i kia lÃ m gÃ¬ Ä‘á»ƒ rá»‘i tinh cáº£ lÃªn.",0,2024-01-03T02:46:14Z,s7Mew7rebLY
@Newen315,Bá»n nÃ y Ä‘Æ°a nÃ o cÅ©ng khÃ¡ giáº£ nhe toÃ n lá»«a gáº¡t tiá»n pháº£i cÃ³ tiá»n thÃ¬ cÃ¡c thÃ¡nh nÃ y má»›i chiáº¿u cá»‘ cho nhe cung tiá»n cÃºng báº¡c cho bá»n chÃºng lam giÃ u cho bá»n chÃºng táº¡o nghiá»‡p chi váº­y? NgoÃ i Báº¯c ráº¥t nhiá»u toÃ n lá»«a Ä‘áº£o,0,2024-04-01T12:12:27Z,s7Mew7rebLY
@LukeNguyen174,báº¡n cÃ³ cháº¯c ráº±ng chá»‰ cÃ³ &quot;tháº§n linh&quot; má»›i cÃ³ thá»ƒ nháº­p Ä‘Æ°á»£c vÃ o ngÆ°á»i táº¿ tÆ° khÃ´ng áº¡? VÃ  náº¿u báº¡n cháº¯c cháº¯n nhÆ° váº­y thÃ¬ báº¡n cÃ³ cháº¯c ráº±ng &quot;há»&quot; Ä‘á»u cÃ³ Ã½ tá»‘t lÃ nh khÃ´ng?,0,2025-03-01T08:33:26Z,s7Mew7rebLY
@hoathanh7693,HL Ä‘Ã£ kiáº¿m biáº¿t nhiÃªu tiá»n tá»« cÃ¡i nÃ y ...TÃ n lÃ  bip thui,2,2023-02-17T09:21:44Z,s7Mew7rebLY
@phananhluong1998,ToÃ n lá»«a Ä‘áº£o chá»© lÃ m gÃ¬ cÃ³ ThÃ¡nh nÃ o nháº­p Ä‘Ã¢u.,4,2023-02-17T09:02:55Z,s7Mew7rebLY
@kinhbactv750,Ã”ng nÃ y ko hiá»ƒu gÃ¬ vá» Ä‘áº¡o máº«u cÅ©ng lÃ m video nÃ³i nhÆ° tháº­t,3,2023-02-17T08:58:53Z,s7Mew7rebLY
@namthanh7370,"Tam phá»§, tá»© phá»§, lá»¥c phá»§ ngÅ© táº¡ng. ğŸ˜†ğŸ˜†ğŸ˜†ğŸ˜†",6,2023-02-17T08:50:52Z,s7Mew7rebLY
@HuyÄÃ mKhÃ¡nh,chet con toan thay ko ban,0,2024-09-03T15:25:40Z,s7Mew7rebLY
@x263919,Miá»n Nam tui cháº£ cÃ³ thá» máº«u,2,2023-02-17T08:28:07Z,s7Mew7rebLY
@bandit8429,"Thá» thiÃªn háº­u, cÃ´ 3 cÃ´ 5 cÃ´ 7 vá»›i bÃ  chÃºa xá»© gÃ¬ á»Ÿ miá»n tÃ¢y cÅ©ng lÃ  1 dáº¡ng thá» máº«u Ä‘oÃ¡ báº¡n",1,2023-03-15T08:44:27Z,s7Mew7rebLY
@ThachNguyen-kts,Den tho Mau duong Hai Ba Trung- TPHCM,0,2023-08-03T13:29:30Z,s7Mew7rebLY
@x263919,"Lá»… váº­t khÃ´ng thá»ƒ thiáº¿u ""tiá»n""",5,2023-02-17T08:26:03Z,s7Mew7rebLY
@giangnam3539,Ko tiá»n tháº¥y láº¥y gÃ¬ lÃ m chi phÃ­ .xÃ¢y <br>Dá»±ng Ä‘á»n Ä‘Ã¬nh mua xáº¯m .nhÃ  thá» Ä‘Ã¬nh chÃ¹a ko tiá»n cháº¯c tá»« trÃªn trá»i rá»i xuá»‘ng,0,2023-02-24T07:26:24Z,s7Mew7rebLY
@Newen315,@giangnam3539 Äinh chÃ¹a lÃ  tá»³ há»· cÃ´ng Ä‘á»©c nhe con cÃ¡i nÃ y Ä‘á»u cÃ³ giÃ¡ tiá»n háº¿t nhe tháº§n thÃ¡nh nÃ o sai tiá»n mÃ  bá»n nÃ³ cÃºng bá» tÃºi riÃªng thÃ´i,0,2024-04-01T12:22:10Z,s7Mew7rebLY
@x263919,Sá»± tháº­t lÃ  mÃª tÃ­n dá»‹ Ä‘oan,0,2023-02-17T08:22:34Z,s7Mew7rebLY
@linhlinh5503,"thÃ¡nh nÃ o nháº­p vÃ o ngÆ°á»i, Ä‘Ã£ lÃ m pháº£i lÃ m cho chuáº©n nhÃ©.",3,2023-02-17T08:17:33Z,s7Mew7rebLY
@thinhinh2932,Äáº¡o gÃ¬ giá» cÅ©ng cÃ³ biáº¿n tÆ°á»›ng mong má»i ngÆ°á»i hÃ£y cáº©n trá»ng..A DI ÄÃ€ PHáº¬T,14,2023-02-17T08:08:28Z,s7Mew7rebLY
@trieuvo9947,"LÃ m sao mÃ  nháº­p Ä‘c ? CÅ©ng hay nhá»‰ , khÃ³ tin nhÆ°ng tÃ´n trá»ng",3,2023-02-17T07:49:41Z,s7Mew7rebLY
@anhhoang-oq2po,Äá»«ng mua tháº§n bÃ¡n thÃ¡nh lÃ  dc,3,2023-02-17T07:46:50Z,s7Mew7rebLY
@nhovohoang5086,Chá»‰ nhá»¯ng ngÆ°á»i ko tin vÃ o báº£n thÃ¢n vÃ  tin vÃ o cuá»™c sá»‘ng hiá»‡n táº¡i.nÃªn tÃ¬m 1 tháº¿ lá»±c tÃ¢m linh Ä‘á»ƒ dá»±a dáº«m nÃ¬m tin vÃ o Ä‘Ã³.lÃ¢u dáº§n thÃ¬ mÃª tÃ­n dá»‹ Ä‘oan.nÃ³i chung cháº£ cÃ³ tháº§n thÃ¡nh hay ma quá»· gÃ¬ trong cuá»™c sá»‘ng nÃ y háº¿t.sá»‘ng tá»‘t thÃ¬ gáº·p Ä‘iá»u tá»‘t Ä‘áº¹p tháº¿ thÃ´i.,10,2023-02-17T07:39:36Z,s7Mew7rebLY
@tenbay9347,CÃ¢u cuá»‘i sai vl ra,1,2023-02-17T10:23:11Z,s7Mew7rebLY
@buuthinhha8831,chÃª cÃ¡i cÃ¢u cháº£ cÃ³ thÃ¡nh tháº§n hay ma quá»· nha,4,2023-02-17T11:30:54Z,s7Mew7rebLY
@Siongtegong,"Tháº¿ cháº¯c cháº¯n nhÃ  báº¡n lÃ  VÃ” Äáº O,vÃ¬ cháº³ng cÃ³ tháº§n thÃ¡nh,pháº­t,chÃºa jesus Ä‘Ã¢u mÃ  thá».CÃ²n linh há»“n,ma quá»· thÃ¬ cÃ¡c nhÃ  khoa há»c cÅ©ng Ä‘Ã£ giáº£i thÃ­ch rá»“i.XÃ³a luÃ´n coment Ä‘i Ä‘á»ƒ Ä‘á»¡ bá»‹ nÃ³i.",0,2023-02-17T13:01:57Z,s7Mew7rebLY
@nhovohoang5086,@Siongtegong nÃ³i ra Ä‘Æ°á»£c thÃ¬ tÃ´i Ä‘Ã£ giá»¯ vá»¯ng láº­p trÆ°á»ng rá»“i.báº¡n yÃªn tÃ¢m.thá» cha thá» máº¹ thá» tá»• tiÃªn Ä‘Ã³ má»›i lÃ  chÃ¢n tÃ¢m.cÃ²n tháº§n thÃ¡nh hay ma quá»· thÃ¬ tÃ´i ko tin vÃ o nhá»¯ng Ä‘iá»u tÃ´i chÆ°a táº­n máº¯t tháº¥y.ai khai sinh ra ta hiá»‡n táº¡i thÃ¬ nÃªn trÃ¢n trá»ng nhá»¯ng Ä‘iá»u Ä‘Ã³.Ä‘á»«ng láº¥y Ä‘á»©c tin ra lÃ m mÃ¹ quÃ¡ng nhá»¯ng con ngÆ°á»i nháº¹ dáº¡.chÃ o báº¡n.,3,2023-02-17T13:14:39Z,s7Mew7rebLY
@nhovohoang5086,@tenbay9347 tÃ´i ko pháº£i lÃ  tháº§n thÃ¡nh cá»§a báº¡n nÃªn tÃ´i ko hoÃ n háº£o Ä‘Æ°á»£c.tÃ´i xin lá»—i báº¡n nha.,0,2023-02-17T13:15:37Z,s7Mew7rebLY
@nhovohoang5086,@buuthinhha8831 tháº¿ báº¡n cÃ³ táº­n máº¯t tháº¥y tháº§n thÃ¡nh hay ma quá»· chÆ°a.báº¡n cÃ³ dÃ¡m kháº³ng Ä‘á»‹nh vÃ  chá»©ng minh tháº§n vÃ  quá»· Ä‘ang tá»“n táº¡i ko.tÃ´i chá»‰ tin vÃ o khoa há»c vÃ  nÃ¬m tin vÃ o cuá»™c sá»‘ng.mÃ¬nh buÃ´ng tháº£ vÃ  nÆ°Æ¡ng tá»±a vÃ o nÃ¬m tin vÃ o 1 cÃ¡i gÃ¬ Ä‘Ã³ ko tá»“n táº¡i thÃ¬ cÃ³ quÃ¡ háº£o huyá»n ko. ?,1,2023-02-17T13:18:59Z,s7Mew7rebLY
@Siongtegong,"@nhovohoang5086 chÆ°a tháº¥y tháº§n thÃ¡nh vÃ  ma quá»· tháº­t nhÆ°ng cháº¯c cháº¯n má»™t Ä‘iá»u Äá»©c ThÃ­ch Ca MÃ¢u Ni Pháº­t lÃ  cÃ³ tháº­t nhÃ© báº¡n.CÅ©ng Ä‘Ãºng,vÃ¬ chá»‰ nhá»¯ng ngÆ°á»i táº­n máº¯t tháº¥y,táº­n tai nghe,táº­n tay sá» thÃ¬ má»›i tin,cÅ©ng giá»‘ng nhÆ° ngÆ°á»i láº¡ váº­y.",0,2023-02-17T13:21:28Z,s7Mew7rebLY
@nhovohoang5086,@Siongtegong Ä‘á»“ng suy nghÄ©.cáº£m Æ¡n báº¡n.chÃºc báº¡n má»™t ngÃ y tá»‘t lÃ nh bÃªn gia Ä‘Ã¬nh.,1,2023-02-17T13:25:51Z,s7Mew7rebLY
@Siongtegong,"@nhovohoang5086 khÃ¡ tháº¯c máº¯c ráº±ng lÃ  chÃºng ta thá» Ã´ng bÃ ,tá»• tiÃªn Ä‘á»ƒ uá»‘ng nÆ°á»›c nhá»› nguá»“n,nhÆ°ng chá»‰ váº­y thÃ´i sao ? Háº§u háº¿t tÃ´i tháº¥y nhá»¯ng ngÆ°á»i thá» Ã´ng bÃ  tá»• tiÃªn Ä‘á»u cáº§u mong Ã´ng bÃ  phÃ¹ há»™ cho gia Ä‘Ã¬nh mÃ¬nh,mÃ  náº¿u nhÆ° váº­y thÃ¬ áº¯t háº³n pháº£i cÃ³ linh há»“n cá»§a Ã´ng bÃ ,tá»• tiÃªn cÃ²n thÃ¬ má»›i láº¯ng nghe vÃ  ban phÆ°á»›c Ä‘Æ°á»£c chá»© ? TÃ´i thuá»™c Ä‘áº¡o Pháº­t.",1,2023-02-17T13:33:00Z,s7Mew7rebLY
@nhovohoang5086,@Siongtegong cÃ²n theo tÃ´i thÃ¬ thá» Ã´ng bÃ  tá»• tiÃªn nhÆ° 1 pháº§n nhÆ° tráº£ Æ¡n cho cÃ´ng lao sinh thÃ nh vÃ  nuÃ´i dÆ°á»¡ng chÃºng ta.Ä‘á»ƒ biáº¿t vá» cá»™i nguá»“n nÆ¡i chÃºng ta Ä‘Æ°á»£c biáº¿t Ä‘áº¿n vÃ  tá»“n táº¡i trÃªn cÃµi Ä‘á»i nÃ y.cÃ²n tá»• tiÃªn Ã´ng bÃ  Ä‘Ã£ máº¥t thÃ¬ xem nhÆ° máº¥t lÃ  háº¿t.cÃ²n váº¥n Ä‘á» linh há»“n tá»• tiÃªn Ã´ng bÃ  phÃ¹ há»™ thÃ¬ riÃªng vá» tÃ´i thÃ¬ tÃ´i khÃ´ng tin láº¯m.táº¡i sao tá»• tiÃªn Ã´ng bÃ  máº¥t rá»“i ko Ä‘á»ƒ má»i ngÆ°á»i Ä‘áº§u thai hay siÃªu thoÃ¡t mÃ  pháº£i á»Ÿ láº¡i phÃ¹ há»™ cho chÃºng ta.siÃªng lÃ m cá»‘ gáº¯ng thÃ¬ thÃ nh cÃ´ng.cÃ²n ko lÃ m muá»‘n cÃ³ Äƒn thÃ¬....,0,2023-02-17T15:25:43Z,s7Mew7rebLY
@Siongtegong,@nhovohoang5086 theo báº¡n nÃ³i Ä‘áº§u thai vÃ  siÃªu thoÃ¡t thÃ¬ báº¡n tin vÃ o luÃ¢n há»“i vÃ  Ä‘á»‹a ngá»¥c ? CÅ©ng nhÆ° linh há»“n ?,2,2023-02-17T15:33:09Z,s7Mew7rebLY
@nhovohoang5086,@Siongtegong nÃ³i ra cho báº¡n dá»… hiá»ƒu thÃ´i.tÃ´i ko cÃ³ cÃ¢u tá»« nÃ o dá»… hiá»ƒu hÆ¡n Ä‘c.thÃ´i tÃ´i cÃ³ suy nghÄ© cá»§a tÃ´i.tÃ´i Ä‘ang muá»‘n khuyÃªn má»i ngÆ°á»i Ä‘á»«ng dá»±a vÃ o Ä‘á»©c tin mÃ  máº¥t tiá»n oan cho bá»n mua tháº§n bÃ¡n thÃ¡nh.báº¡n cÃ³ tháº§n thÃ¡nh vÃ  Ä‘á»©c tin cá»§a báº¡n.cÃ²n riÃªng tÃ´i tÃ´i chá»‰ tin vÃ o hiá»‡n thá»±c vÃ  gia Ä‘Ã¬nh báº¡n bÃ¨ vÃ  nhá»¯ng ai tá»‘t vÃ  truyá»n Ä‘áº¡t cÃ¡i tá»‘t cho cuá»™c sá»‘ng váº­y thÃ´i.cáº£m Æ¡n báº¡n Ä‘Ã£ chia sáº».,1,2023-02-17T15:40:30Z,s7Mew7rebLY
@Siongtegong,"@nhovohoang5086 cáº£m Æ¡n báº¡n,chÃºc báº¡n vÃ  gia Ä‘Ã¬nh nhiá»u sá»©c khá»e vÃ  niá»m vui nhÃ©",0,2023-02-17T15:46:27Z,s7Mew7rebLY
@animalareawesome8899,"Tin thÃ¬ nÃ³ lÃ  tháº­t, ko tin nÃ³ lÃ  ko tháº­t, tháº¿ thÃ´i. <br>Tháº¿ giá»›i nÃ y Ä‘Ãºng sai nÃ³ lÃ  hai máº·t cá»§a tá» giáº¥y. CÃ³ nhá»¯ng thá»© báº¡n sá» táº­n tay tháº¥y táº­n máº¯t mÃ  nÃ³ cÃ²n Ä‘Ã¡nh lá»«a báº¡n, huá»‘ng há»“ lÃ  nhá»¯ng nghiÃªn cá»©u khoa há»c má»›i public, báº¡n cÅ©ng chá»‰ biáº¿t nÃ³ Ä‘c viáº¿t trÃªn bÃ¡o chá»© ai ráº£nh Ä‘Ã¢u ngá»“i chá»©ng minh cho báº¡n lÃ  nÃ³ tháº­t hay giáº£. <br><br>Váº­y nÃªn, sá»‘ng cuá»™c Ä‘á»i cá»§a báº¡n thÃ´i, lá»«a Ä‘áº£o hay ko lá»«a Ä‘áº£o thÃ¬ tuá»³ vÃ o Ä‘á»©c tin tá»«ng ngÆ°á»i. NhÆ° Ä‘áº¡o ThiÃªn chÃºa giÃ¡o váº­y thÃ´i, cha xá»© váº«n lÃ m hÃ ng Ä‘á»‘ng Ä‘iá»u xáº±ng báº­y váº«n váº­y thÃ´i. Haha. Äá»«ng nhÃ¬n tháº¿ giá»›i qua cÃ¡i lá»— khoÃ¡, vÃ  gáº¡t bá» nhá»¯ng kháº£ nÄƒng.",0,2023-02-17T16:17:03Z,s7Mew7rebLY
@tenbay9347,@nhovohoang5086 ai báº¯t Ã´ng hoÃ n háº£o nhÆ°ng cÃ¡i cÃ¢u sá»‘ng tá»‘t thÃ¬ gáº·p Ä‘iá»u tá»‘t Ä‘áº¹p lÃ  sai cÃ¡i gÃ¬ cÅ©ng cÃ³ tá»· lá»‡ cá»§a nÃ³,1,2023-02-17T19:42:17Z,s7Mew7rebLY
@buuthinhha8831,"@nhovohoang5086  mÃ¬nh dÃ¡m kháº³ng Ä‘á»‹nh, cÃ²n khoa há»c khÃ´ng thá»ƒ chá»©ng minh táº¥t cáº£, oke má»—i ng 1 niá»m tin khÃ¡c nhau, tháº¿ thÃ´i kkk",0,2023-02-20T01:46:48Z,s7Mew7rebLY
@Há»“Tráº§nQuachÄÃ´ng-b3h,"@Siongtegongcáº§u mong Ã´ng bÃ  tá»• tiÃªn phÃ¹ há»™. Chá»‰ lÃ  nÃ³i ra Ä‘á»ƒ khÃ­ch lá»‡, Ä‘á»™ng viÃªn tin tháº§n thÃ´i báº¡n Æ¡i. Kiá»ƒu nhÆ° báº¡n xin tiá»n Ã´ng bÃ  cha máº¹ váº­y thÃ´i. Chá»© khÃ´ng lÃ m mÃ  ngá»“i cáº§u Ä‘á»£i Ã´ng bÃ  ban phÆ°á»›c thÃ¬ cÃ³ cÃ¡i ná»‹t nhÃ©.",0,2023-09-17T17:32:09Z,s7Mew7rebLY
@Siongtegong,"@Há»“Tráº§nQuachÄÃ´ng-b3h Ä‘áº¡o mÃ  báº¡n,cÅ©ng tÆ°Æ¡ng tá»± nhÆ° viá»‡c ngÆ°á»i Má»¹ cáº§u mong chÃºa Jesus ban cho gia Ä‘Ã¬nh há» cuá»™c sá»‘ng khá»e máº¡nh,hay Ä‘áº¡o Pháº­t,Ä‘áº¡o GiÃ¡o,Ä‘áº¡o Hindu,etc...Nhá»¯ng ngÆ°á»i sÃ¡ng táº¡o ra cÃ¡c Ä‘áº¡o Ä‘Ã³ lÃ  nhá»¯ng con ngÆ°á»i Ä‘Ã£ giÃ¡c ngá»™ vÃ  Ä‘áº¯c Ä‘áº¡o,má»—i chÃºng ta,Ä‘á»u muá»‘n Ä‘Æ°á»£c há» ban phÆ°á»›c vÃ  cÅ©ng Ä‘Æ°á»£c mong há»c Ä‘Æ°á»£c nhá»¯ng Ä‘iá»u mÃ  há» Ä‘Ã£ giÃ¡c ngá»™,khÃ´ng cÃ³ gÃ¬ sai cáº£.MÃ¬nh thá» cÃºng vÃ  cáº§u xin Ã´ng bÃ  tá»• tiÃªn nhÆ° váº­y,cÅ©ng lÃ  Ä‘iá»u bÃ¬nh thÆ°á»ng.ÄÃºng nhÆ° báº¡n nÃ³i,ngá»“i khÃ´ng cÃ³ cÃ¡i ná»‹t nhÆ°ng Ä‘áº¡o thá» tá»• tiÃªn khÃ´ng bao giá» tÃ¡ch bá» Ä‘Æ°á»£c",0,2023-09-17T17:50:15Z,s7Mew7rebLY
@longvu5137,"@nhovohoang5086b Ä‘ang k hiá»ƒu báº£n cháº¥t vá» Ä‘áº¡o máº«u rá»“i. Äáº¡o máº«u thá» Tam toÃ  ThÃ¡nh máº«u, cÃ¡c quan, cÃ¡c cÃ´ cáº­u,... hiá»‡n thÃ¢n cá»§a há» lÃ  nhá»¯ng ngÆ°á»i cÃ³ cÃ´ng vá»›i Ä‘áº¥t nÆ°á»›c. XÃ©t cho cÃ¹ng chÃºng ta Ä‘á»u lÃ  con rá»“ng chÃ¡u tiÃªn. B thá» cha thá» máº¹, tá»• tiÃªn nhÃ  b cÅ©ng lÃ  Ä‘áº¡o máº«u rá»“i.",0,2023-09-24T11:54:28Z,s7Mew7rebLY
@thieuhung1932,TrÃ¬nh hiá»ƒu biáº¿t tÃ­nh ngÆ°á»¡ng cá»§a báº¡n cÅ©ng cá»¡ nhÆ° TrÃ¬nh bÃ³ng Ä‘Ã¡ cá»§a báº¡n váº­y:)) non quÃ¡ non,2,2023-02-17T07:32:43Z,s7Mew7rebLY
@yeasukyoo6877,Non á»Ÿ Ä‘Ã¢u xin má»i báº¡n chá»‰ ra,0,2023-02-17T07:54:57Z,s7Mew7rebLY
@hungtuan6544,@yeasukyoo6877 non láº¯m báº¡n. Ngá»“i nÃ³i nhÆ° wiki báº£n phÃ¡t Ã¢m. <br>MÆ°á»£n bÃ³ng nhÆ° khÃ´ng nháº­p. <br>Háº§u Ä‘á»“ng Ä‘Æ°á»£c xem lÃ  di sáº£n vÄƒn hoÃ¡ phi váº­t thá»ƒ nhÃ¢n loáº¡i.,0,2023-02-24T15:44:39Z,s7Mew7rebLY
@vuongnguyenquang5271,á» mÃª tÃ­n dá»‹ Ä‘oan lÃºc bá»‹ báº£o sao láº¡i Ã´ng bÃ  tá»• tiÃªn khÃ´ng thiÃªng lÃºc Ä‘en báº£o tá»± Ã¡i cÃ³ nhá»¯ng thá»© k tin k dc Ä‘Ã¢u,0,2023-02-17T07:25:47Z,s7Mew7rebLY
@nghitran7844,HoÃ i Linh bá»‹ thÃ¡nh váº­t :)),2,2023-02-17T07:23:14Z,s7Mew7rebLY
@phuockim7324,"cháº£ cÃ³ tháº§n thÃ¡nh nÃ o á»Ÿ Ä‘Ã¢y háº¿t , chá»‰ cÃ³ mÃª tÃ­n thÃ´i =]]]",3,2023-02-17T07:03:58Z,s7Mew7rebLY
@TuThanh-dr5gh,Giá» háº§u Ä‘á»“ng giÃ¡ toÃ n rÆ°á»£i tÃ¢y bÃ¡nh ngoáº¡iğŸ˜µâ€ğŸ’«,3,2023-02-17T06:52:16Z,s7Mew7rebLY
@kiennguyenviet7103,CÃ³ gÃ¬ dÃ¹ng náº¥y báº¡n nhÃ©. TrÆ°á»›c cÆ¡m khÃ´ng cÃ³ mÃ  Äƒn thÃ¬ thÃ¡nh cÅ©ng cháº£ báº¯t báº» pháº£i tháº¿ nÃ y tháº¿ ná». Giá» thá»i tháº¿ kháº¥m khÃ¡ thÃ¬ ai muá»‘n dÃ¢ng cÃ¡c ngÃ i cÃ¡i gÃ¬ mÃ  cháº£ Ä‘Æ°á»£c. Sáº£n váº­t tráº§n gian Ä‘Ã¢u pháº£i chá»‰ cÃ³ xÃ´i gÃ . RÆ°á»£u nÃºt chuá»‘i.,2,2023-02-18T16:46:15Z,s7Mew7rebLY
@Newen315,ThÃ¡nh nÃ o dÃ¹ng tháº¥y bá»n nÃ³ dung khÃ´ng a,0,2024-04-01T12:23:52Z,s7Mew7rebLY
@nguyenduyanhcsbvn2346,"A QuÃ¢n nÃ³i sai rá»“i nhÃ©. Tháº§y Ä‘á»“ng chá»‰ mÆ°á»£n bÃ³ng cá»§a thÃ¡nh thÃ´i. Chá»© thÃ¡nh ko nháº­p vÃ o tháº§y Ä‘á»“ng Ä‘Ã¢u nhÃ©. VÃ¬ cÆ¡ thá»ƒ ng phÃ m Ã´ uáº¿ nÃªn thÃ¡nh ko nháº­p, mÃ  chá»‰ mÆ°á»£n bÃ³ng thÃ´i. Nhá»¯ng tháº§y Ä‘á»“ng Ä‘Æ°á»£c gá»i lÃ  con thÃ¡nh.",46,2023-02-17T06:29:54Z,s7Mew7rebLY
@hoangson2620,"Báº£n cháº¥t cá»§a Äáº¡o Máº«u (VN) cÅ©ng Ä‘á»“ng dáº¡ng nguá»“n gá»‘c nhÆ° Shaman giÃ¡o (Nga), TÃ¡t MÃ£n (TQ), Tháº§n XÃ£ (Nháº­t). Báº¡n cÃ³ láº½ Ä‘ang nháº§m láº«n quan niá»‡m ThÃ¡nh trong Äáº¡o giÃ¡o Ä‘á»ƒ nÃ³i vá» Äáº¡o Máº«u. ThÃ¡nh trong Äáº¡o giÃ¡o thÆ°á»ng Ä‘Æ°á»£c biáº¿t Ä‘áº¿n vá»›i khÃ¡i niá»‡m thanh cao, há» sáº½ khÃ´ng nháº­p vÃ o thÃ¢n thá»ƒ ngÆ°á»i tráº§n tá»¥c, báº£n thÃ¢n cÃ¡c Ä‘áº¡o sÄ© muá»‘n giao tiáº¿p vá»›i ThÃ¡nh sáº½ pháº£i láº­p Ä‘iá»‡n thá», láº­p bÃ n cÃºng, dÃ¹ng phÃ¡p báº£o, niá»‡m chÃº nháº±m má»¥c Ä‘Ã­ch mÆ°á»£n nÄƒng lá»±c, nÃ³i cÃ¡ch khÃ¡c lÃ  mÆ°á»£n uy, mÆ°á»£n bÃ³ng hoáº·c truyá»n Ä‘áº¡t Ã½ chÃ­ cá»§a ThÃ¡nh thÃ´ng qua cÃ¡c biáº¿n Ä‘á»•i sá»± váº­t, sá»± viá»‡c sau lá»… láº­p Ä‘Ã n hoáº·c qua hÃ¬nh thá»©c bÃ¡o má»™ng. KhÃ¡c vá»›i Äáº¡o giÃ¡o, Shaman hay Äáº¡o Máº«u khÃ´ng cÃ³ khÃ¡i niá»‡m thÃ¢n thá»ƒ ngÆ°á»i phÃ m thÃ¬ Ã´ uáº¿, thÃ¡nh nhÃ¢n thÃ¬ thanh cao nÃªn khÃ´ng nháº­p. Trong quan niá»‡m Shaman giÃ¡o ngÆ°á»i Ä‘Æ°á»£c chá»n lÃ m &quot;táº¿ tÆ°&quot; thÆ°á»ng Ä‘Æ°á»£c coi lÃ  sá»© giáº£ cá»§a tháº§n linh, hay nÃ³i theo cÃ¡ch nÃ³i cá»§a VN lÃ  ngÆ°á»i cÃ³ cÄƒn Ä‘á»“ng, khi há» lá»±a chá»n lÃ m sá»© giáº£ báº£n thÃ¢n há» Ä‘Ã£ pháº£i lÃ m &quot;nghi lá»…&quot; Ä‘á»ƒ liÃªn káº¿t linh há»“n há» vá»›i vá»‹ tháº§n mÃ  há» tÃ´n thá» Ä‘á»ƒ nháº­n Ä‘Æ°á»£c sá»± báº£o há»™. CÃ¡c vá»‹ tháº§n linh trong Shaman cÅ©ng cÃ³ thá»ƒ mÆ°á»£n thÃ¢n xÃ¡c há» 1 thá»i gian ngáº¯n Ä‘á»ƒ truyá»n Ä‘áº¡t láº¡i Ã½ chá»‰ cá»§a há» vá»›i con ngÆ°á»i. CÃ¡c vá»‹ tháº§n linh trong Shaman, TÃ¡t MÃ£n cÃ³ thá»ƒ lÃ  cÃ¢y cá»‘i, Ä‘á»™ng váº­t tu tiÃªn, Äáº¡o Máº«u cá»§a VN thÃ¬ chá»n hÃ¬nh tÆ°á»£ng ngÆ°á»i máº¹, cÃ²n Nháº­t há» lá»±a chá»n tháº§n Máº·t Trá»i Ä‘á»ƒ Ä‘á»ƒ thá» phá»¥ng. LÃºc Ä‘áº¥y thÃ¢n xÃ¡c cá»§a táº¿ tÆ° Ä‘Æ°á»£c coi lÃ  &quot;cáº§u ná»‘i&quot;. Muá»‘n má»Ÿ Ä‘Æ°á»£c &quot;cáº§u ná»‘i&quot; giá»¯a 2 tháº¿ giá»›i thÃ¬ nhá»¯ng ngÆ°á»i &quot;táº¿ tÆ°&quot; pháº£i lÃ m má»™t sá»‘ nghi lá»… Ä‘á»ƒ Ä‘Æ°a tÃ¢m trÃ­ tiáº¿n tá»›i tráº¡ng thÃ¡i hÃ´n mÃª, cÃ¡c nghi lá»… thÆ°á»ng tháº¥y táº¿ tÆ° trong Shaman sá»­ dá»¥ng lÃ m &quot;chÃ¬a khoÃ¡&quot; Ä‘á»ƒ má»Ÿ &quot;cáº§u ná»‘i&quot; lÃ  nháº£y mÃºa cÃ¡c Ä‘iá»‡u nháº£y Ä‘áº·c biá»‡t Ä‘á»ƒ má»i gá»i tháº§n linh, kÃ¨m theo Ä‘Ã³ lÃ  hÃ¡t hoáº·c Ä‘á»c chÃº ngá»¯. Trong Shaman hoáº·c TÃ¡t MÃ£n há» cÃ²n sá»­ dá»¥ng thÃªm cáº£ rÆ°á»£u Ä‘áº·c cháº¿ Ä‘á»ƒ uá»‘ng trong lÃºc mÃºa hÃ¡t lÃ m lá»…. VÃ  Ä‘iá»u lÆ°u Ã½ trong Shaman giÃ¡o lÃ  khi liÃªn káº¿t linh há»“n vá»›i vá»‹ tháº§n nÃ o thÃ¬ chá»‰ cÃ³ vá»‹ tháº§n Ä‘Ã³ mÆ°á»£n thÃ¢n xÃ¡c &quot;táº¿ tÆ°&quot; Ä‘Ã³, khÃ´ng cÃ³ chuyá»‡n lÃ  1 lÃºc nháº­p toÃ© loe bá»‘n, nÄƒm vá»‹ ThÃ¡nh, cá»© háº¿t ThÃ¡nh nÃ y ra thÃ¬ ThÃ¡nh kia vÃ o nhÆ° máº¥y cÃ¡i thá»ƒ loáº¡i háº§u Ä‘á»“ng biáº¿n tÆ°á»›ng nhÆ° hiá»‡n nay Ä‘Ã¢u. Cho nÃªn A QuÃ¢n Ä‘Æ°a thÃ´ng tin lÃ  ThÃ¡nh mÆ°á»£n thÃ¢n thá»ƒ lÃ  Ä‘Ãºng khÃ´ng há» sai, váº¥n Ä‘á» lÃ  do sá»± viá»‡c biáº¿n tÆ°á»›ng trong xÃ£ há»™i kÃ¨m theo khÃ´ng hiá»ƒu rÃµ rÃ ng vá» báº£n cháº¥t cá»§a Shaman cho nÃªn dáº«n Ä‘áº¿n nhiá»u ngÆ°á»i hiá»ƒu sai vá» Shaman giÃ¡o hay Äáº¡o Máº«u cá»§a mÃ¬nh.",15,2023-02-17T09:01:31Z,s7Mew7rebLY
@Vietnamxinh,ÄÃ£ Ä‘Æ°á»£c gá»i lÃ  con thÃ¡nh thÃ¬ cÅ©ng khÃ´ng Ä‘Æ°á»£c gá»i lÃ  Ã´ uáº¿ Ä‘Æ°á»£c báº¡n. CÅ©ng nÃ³i sai ná»¯a rá»“i.,0,2023-03-20T21:27:05Z,s7Mew7rebLY
@nguyenduyanhcsbvn2346,"@Vietnamxinh Pháº£i hiá»ƒu cho nÃ³ rÃµ. Máº·c dÃ¹ lÃ  con thÃ¡nh nhÆ°ng lÃ  linh há»“n thÃ´i, nhÆ°ng Ä‘Æ°á»£c hoÃ¡ kiáº¿p Ä‘á»ƒ sinh ra trong hÃ¬nh hÃ i cá»§a má»™t ngÆ°á»i bÃ¬nh thÆ°á»ng. CÃ³ bá»‘ máº¹ bÃ¬nh thÆ°á»ng, mÃ  Ä‘Ã£ lÃ  ngÆ°á»i bÃ¬nh thÆ°á»ng thÃ¬ sáº½ cÃ³ nhá»¯ng cáº£m xÃºc cá»§a má»™t ngÆ°á»i bÃ¬nh thÆ°á»ng, tham sÃ¢n si, nhá»¥c dá»¥c. Ã” uáº¿ á»Ÿ Ä‘Ã¢y lÃ  nhÆ° váº­y. Hiá»ƒu chá»­a??",0,2023-03-23T14:26:38Z,s7Mew7rebLY
@thuatnguyen6094,"@Vietnamxinh Ã´ uáº¿ lÃ  cÃ¡i cháº¯c, cÃ²n trinh tiáº¿t khÃ´ng,",1,2023-03-29T17:39:09Z,s7Mew7rebLY
@dungdu6392,â€‹@hoangson2620 tháº¥y máº¥y cÃ´ Ä‘á»“ng viá»‡t nam báº£o chá»‰ lÃ  mÆ°á»£n bÃ³ng chá»© k nháº­p,2,2023-04-14T10:04:00Z,s7Mew7rebLY
@quyetnguyenvan1655,Anh Æ¡i gÃ¡i háº§u Ä‘á»“ng cÃ³ Ä‘Æ°á»£c Ä‘i láº¥y chá»“ng khÃ´ng anh,0,2023-07-09T14:25:07Z,s7Mew7rebLY
@nguyenduyanhcsbvn2346,@quyetnguyenvan1655 láº¥y vá»£ láº¥y chá»“ng bÃ¬nh thÆ°á»ng nhÆ° má»i ngÆ°á»i nhÃ©.,1,2023-07-09T14:57:59Z,s7Mew7rebLY
@anhsang3712,Chuáº©n tháº§y Ä‘á»“ng chá»‰ mÆ°á»£n danh tháº§n thÃ¡nh thi hÃ nh tÃ­n ngÆ°á»¡ng<br>CÃ²n nháº­p bÃ³ng gá»i lÃ  Ä‘áº¡o Ã¢m binh <br>NÃ³i trung lÃ  nghá»‡ thuáº­t tÃ­n ngÆ°á»¡ng,0,2023-10-06T13:55:53Z,s7Mew7rebLY
@anhsang3712,â€‹@hoangson2620 mÆ°á»£n danh tháº§n thÃ¡nh thi hÃ nh tÃ­n ngÆ°á»¡ng <br>( thá»±c hÃ nh tÃ­n ngÆ°á»¡ng ),0,2023-10-06T14:00:07Z,s7Mew7rebLY
@lamthaohoang715,toÃ n kave vá» lm háº§u Ä‘á»“ng. vá»› váº©n,0,2024-03-26T10:57:21Z,s7Mew7rebLY
@Newen315,Bá»n nÃ y buÃ´n tháº§n bÃ¡n thÃ¡nh lá»­a Ä‘áº£o thÃ¬ cÃ³ lá»­a gáº¡t nhá»¯ng ngÆ°á»i mÃª tÃ­n tÃ´i Ä‘Ã£ tá»«ng chá»©ng kiáº¿n máº¥y láº§n rá»“i bá»n nÃ³ lÃ  lá»«a Ä‘áº£o khÃ´ng cÃ³ tháº©n thÃ¡nh nÃ o dÃ¹ng tiá»n tung lÃªn giá»¯a chá»‘n linh thien háº¿t,0,2024-04-01T12:02:32Z,s7Mew7rebLY
@tnhstudio9616,Thá» máº«u lÃ  di sáº£n vÄƒn hÃ³a tháº¿ giá»›i cÃ²n lÃªn Ä‘á»“ng má»›i lÃ  mÃª tÃ­n,0,2023-02-17T06:25:07Z,s7Mew7rebLY
@thekhoaluong6146,Cáº£m Æ¡n video ráº¥t thá»i sá»± cá»§a Anh QuÃ¢n.,4,2023-02-17T06:24:20Z,s7Mew7rebLY
@truongto6166,"Háº§u Ä‘á»“ng t Ä‘c dá»± Ã­t thÃ¬ cÅ©ng 4 tiáº¿ng , lÃ¢u tá»« chiá»u Ä‘áº¿n tá»‘iğŸ¤£ğŸ¤£  cáº§u duyÃªn, hoÃ¡n sá»‘ cho nhiá»u ngÆ°á»i má»™t lÃºc, chá» Ä‘áº¿n lÆ°á»£t má»i cá»•",4,2023-02-17T06:24:08Z,s7Mew7rebLY
@DungNguyen-rv2yy,Äá»§ 36 giÃ¡ thÃ¬ pháº£i máº¥t cáº£ ngÃ y,0,2023-03-05T15:43:00Z,s7Mew7rebLY
@huyennhi199,Nhiá»u ngÆ°á»i khÃ´ng tin tháº§n thÃ¡nh hay linh há»“n nhÆ°ng báº£o khÃ´ng cÃ³ ngÆ°á»i ngoÃ i hÃ nh tinh thÃ¬ láº¡i cÃ£i cÃ¹n lÃªn,1,2023-02-17T06:20:52Z,s7Mew7rebLY
@phananhluong1998,Äáº¿n cáº£ trong Äáº¡o Pháº­t cÃ²n nÃ³i cÃ³ alien ná»¯a lÃ  thÃ¬ sao khÃ´ng tin nhá»‰ ??????,0,2023-02-17T09:17:15Z,s7Mew7rebLY
@minhquan5005,Mong má»i ngÆ°á»i khÃ´ng nghÄ© xáº¥u vá» phong tá»¥c truyá»n thá»‘ng vÃ¬ má»™t vÃ i thÃ nh pháº§n sai trÃ¡i.,9,2023-02-17T06:20:11Z,s7Mew7rebLY
@stl1411,"Vá»‘n cÃ¡i phong tá»¥c sai trÃ¡i sáºµn r cÃ²n Ä‘á»ƒ nÃ³ thÃ nh truyá»n thá»‘ng . Thá»i nÃ o r cÃ²n buÃ´n tháº§n bÃ¡n thÃ¡nh , mÃºa mÃ¢y uá»‘n Ã©o . Ra ngoÃ i tháº¿ giá»›i há» cÆ°á»i cho",0,2023-02-17T06:53:59Z,s7Mew7rebLY
,NÃªn bÃ i trá»«. Tháº¿ há»‡ tráº» h Ä‘á»«ng Ä‘á»ƒ dÃ­nh máº¥y cÃ¡i Ä‘á»“ng bÃ³ng nÃ y.,3,2023-02-17T06:55:58Z,s7Mew7rebLY
@datr2525," tÃ o lao, cÃ³ bÃ i trá»« thÃ¬ bÃ i trá»« Ã´ng Ä‘áº¥y. Máº¥y Ã½ tÃ´i muá»‘n pháº£n bÃ¡c  cÃ¡i bÃ¬nh luáº­n Ã´ng thÃ¬ nÃ³ háº§u háº¿t á»Ÿ trong video nÃ y rá»“i Ä‘áº¥y. CÃ£i thÃ¬ xem láº¡i Ä‘i cho thÃ´ng",0,2023-02-17T07:11:18Z,s7Mew7rebLY
@hoangson2620," khi 1 thá»© Ä‘Æ°á»£c gáº¯n chá»¯ &quot;giÃ¡o&quot; thÃ¬ nÃ³ Ä‘Ã£ trá»Ÿ thÃ nh há»‡ tÆ° tÆ°á»Ÿng trong xÃ£ há»™i, Ä‘Æ°á»£c xÃ£ há»™i con ngÆ°á»i tÃ´n trá»ng vÃ  cÃ´ng nháº­n. VÃ­ dá»¥ nhÆ° Äáº¡o giÃ¡o, Khá»•ng giÃ¡o, Pháº­t GiÃ¡o, Ki-tÃ´ giÃ¡o, Há»“i GiÃ¡o,... Báº¡n thá»­ Ä‘iá»ƒm xem lÃ  nhá»¯ng &quot;giÃ¡o&quot; kia dÃ¹ lÃ  Ä‘Æ°á»£c trá»Ÿ thÃ nh há»‡ thá»‘ng tÆ° tÆ°á»Ÿng Ä‘Æ°á»£c tÃ´n trá»ng trÃªn tháº¿ giá»›i khÃ´ng sinh ra cÃ¡c nhÃ¡nh hay thÃ nh pháº§n gÃ¢y biáº¿n tÆ°á»›ng trong tÃ´n giÃ¡o Ä‘Ã³ khÃ´ng. Äáº¡o Máº«u hay Shaman giÃ¡o cÅ©ng váº­y, nÃ³ cÅ©ng khÃ´ng trÃ¡nh Ä‘Æ°á»£c nhá»¯ng thÃ nh pháº§n gÃ¢y biáº¿n tÆ°á»›ng máº·c dÃ¹ nÃ³ Ä‘em láº¡i giÃ¡ trá»‹ tinh tháº§n vÃ  tÃ­nh nhÃ¢n vÄƒn. Muá»‘n trÃ¡nh Ä‘Æ°á»£c nhá»¯ng thÃ nh pháº§n biáº¿n tÆ°á»›ng thÃ¬ trÆ°á»›c háº¿t lÃ  pháº£i nÃ¢ng cao hiá»ƒu biáº¿t cá»§a chÃ­nh báº£n thÃ¢n, hiá»ƒu Ä‘Æ°á»£c nhá»¯ng giÃ¡ trá»‹ vÄƒn hoÃ¡, Ä‘iá»u Ä‘Ãºng Ä‘áº¯n trong tÃ´n giÃ¡o Ä‘Ã³ Ä‘á»ƒ phÃ¢n biá»‡t Ä‘Æ°á»£c Ä‘Ã¢u lÃ  Ä‘Ãºng Ä‘Ã¢u lÃ  sai. Chá»© cá»© mÆ¡ há»“ khÃ´ng biáº¿t gÃ¬, xong qui chá»¥p lÃ  truyá»n bÃ¡ tÆ° tÆ°á»Ÿng mÃª tÃ­n dá»‹ Ä‘oan, kÃªu gá»i bÃ i trá»« bá»«a bÃ£i thÃ¬ sáº½ cÃ³ ngÃ y Ä‘Ã¡nh tá»± Ä‘Ã¡nh máº¥t háº¿t nhá»¯ng nÃ©t Ä‘áº¹p giÃ¡ trá»‹ trong vÄƒn hoÃ¡ tinh tháº§n Ä‘áº¥y.",4,2023-02-17T09:14:25Z,s7Mew7rebLY
@tenbay9347, bÃ i trá»« sá»‘ Ä‘Ã´ng thÃ¬ khÃ¡c gÃ¬ tá»± bÃ i trá»« chÃ­nh mÃ¬nh,0,2023-02-17T10:25:54Z,s7Mew7rebLY
@luanvu1993,nÃ³i tháº­t lÃ  mÃ¬nh ná»­a tin ná»­a khÃ´ng tin. vÃ¬ cÃ³ nhá»¯ng chuyá»‡n báº¯t buá»™c pháº£i tin,4,2023-02-17T06:19:10Z,s7Mew7rebLY
@inhinh6672,CÃ³ HOÃ€I LINH nÃ¨. NhÆ°ng bÃ¢y giá» a Ä‘Ã£ cáº£i Ä‘áº¡o sang ThiÃªn chÃºa rá»“i,4,2023-02-17T05:59:25Z,s7Mew7rebLY
@TienNguyen-zt1eq,Háº¿t kiáº¿m Äƒn Ä‘c rá»“i.,1,2023-02-17T06:11:44Z,s7Mew7rebLY
@hoathanh7693,XÆ°a ThiÃªn ChÃºa vÃªc bá» láº­p háº§u Ä‘á»“ng Ä‘á»ƒ kiáº¿m Äƒn nÃªn láº­p ra nhÃ  thá» tá»• má»¥c dfichs háº§u Ä‘áº§u kiáº¿m tiá»n cÃ¡i nÃ y theo mÃ¬nh lÃ  vi pháº¡m pl ...sau HL nháº¥m ko á»•n nÃªn cáº£i biáº¿n vá» TCG láº¡i...HL má»™ng láº¯m ...ai mÃª má»¥i con ngÆ°á»i nÃ y thÃ¬ tÃ¹y thui,0,2023-02-17T09:20:00Z,s7Mew7rebLY
@kiennguyenviet7103,"HoÃ i linh 14 tá»‰ váº«n theo Ä‘áº¡o CÃ´ng GiÃ¡o mÃ  báº¡n. Tá»± nhiÃªn tháº¥y háº§u Ä‘á»“ng tháº¥y lÃ m láº¡. TÆ°á»Ÿng háº¯n cáº£i Ä‘áº¡o theo Ä‘áº¡o Tá»© Phá»§. Nháº­p nháº±ng vá»›i tÃ¢m linh thÃ¬ chá»‰ cÃ³ thÃ¢n báº¡i danh liá»‡t. Con chÃ¡u, cháº¯t Ä‘á»i sau tha há»“ mÃ  tráº£ nghiá»‡p cho cá»¥ HoÃ i Linh cá»§a chÃºng nÃ³.",0,2023-02-18T16:56:04Z,s7Mew7rebLY
@ThachNguyen-kts,Chá»«ng nÃ o anh ta Ä‘áº­p phÃ¡ nhÃ  thá» tá»• á»Ÿ Q9 thÃ¬ má»›i tin anh ta theo chÃºa.,0,2023-08-03T13:43:01Z,s7Mew7rebLY
@NguyenThang-ep1xv,"Dáº¹p ngay bá»n Ä‘á»“ng cÃ´ Ä‘á»“ng cáº­u . BÃ³i toÃ¡n mÃª tÃ­n dá»‹ Ä‘oan. Dáº¹p háº¿t . Muá»‘n cÃ³ Äƒn pháº£i lÃ m   , tay lÃ m thÃ¬ hÃ m má»›i nhai.",0,2023-02-17T05:58:33Z,s7Mew7rebLY
@asuogth8033,Cáº£m Æ¡n báº¡n,2,2023-02-17T05:49:09Z,s7Mew7rebLY
@hoangphilui,"NÃ³i vá» váº¥n Ä‘á» xem bÃ³i thÃ¬ sáº½ cÃ³ 3 dáº¡ng ngÆ°á»i: má»™t lÃ  thÃ­ch xem bÃ³i, ghiá»n xem bÃ³i nhÆ°ng ná»­a tin ná»­a ngá»; hai lÃ  tin lá»i tháº§y bÃ³i tuyá»‡t Ä‘á»‘i, mÃª tÃ­n dá»‹ Ä‘oan, ká»ƒ cáº£ lÃ m ra nhá»¯ng sá»± viá»‡c kinh khá»§ng; ba lÃ  khÃ´ng tin vÃ  khÃ´ng quan tÃ¢m dÃ¹ lÃ  ná»­a chá»¯, ná»­a cÃ¢u.
Nhá»¯ng ai thuá»™c trÆ°á»ng há»£p thá»© 3 thÃ¬ like cmt Ä‘iá»ƒm danh phÃ¡t áº¡.",36,2023-02-17T05:48:02Z,s7Mew7rebLY
@narakwon350,"thÃ­ch xem bÃ³i, vÃ¬ tÃ² mÃ², nhÆ°ng báº£o xem bÃ³i Ä‘á»ƒ trÃ¡nh háº¡n, há»©ng lá»™c thÃ¬ tÃ´i k xem. Chá»‰ xem á»Ÿ má»©c nháº¹ nhÃ ng thÃ´i, 24 tuá»•i chÆ°a 1 lÃ n xem bÃ³i offline, chá»‰ vÃ i láº§n xem bÃ³i online",1,2023-02-17T05:52:34Z,s7Mew7rebLY
@Morebullets315,"ÄÃ£ nÃ³i lÃ  ko quan tÃ¢m thÃ¬ ná»­a bÆ°á»›c cÅ©ng ko tá»›i. CÃ²n lá»¡ bá»‹ vong Ã¡m thÃ¬ kiáº¿m tháº§y trá»« tÃ ,chá»© kiáº¿m bÃ³i lÃ m gÃ¬",0,2023-02-17T15:41:13Z,s7Mew7rebLY
@minhduc9131,ChÃºa ghÃ©t bÃ³i,0,2023-02-22T06:58:07Z,s7Mew7rebLY
@vuiquach3696,TÃ´i Ä‘Ã¢y hok tin vá» 1 cÃ¡i j cáº£ trá»« tÃ´i,1,2023-09-28T17:27:25Z,s7Mew7rebLY
,"CHIMERA: QUÃI Váº¬T ""Dá»Š"" NHáº¤T THáº¦N THOáº I HY Láº P? I DISCOVERY
=> https://youtu.be/x2J5d5JKRN8",2,2023-02-17T05:26:30Z,s7Mew7rebLY
