author,text,likeCount,publishedAt,video_id
@ComeOutLGBTVietnam_MCV,ğŸ˜²Cáº·p Ä‘á»“ng tÃ­nh chá»“ng mang báº§u Ä‘áº» con: https://www.youtube.com/watch?v=3sR7358JlpI,288,2024-06-12T03:13:30Z,Y7UKIusPSF4
@ThuongNguyen-kf2qz,CÃ³ cÃ¡i gÃ¬ Ä‘Ã¢u,56,2024-06-16T06:16:41Z,Y7UKIusPSF4
@thoadao9133,ğŸ˜¢ğŸ˜¢â€‹@ThuongNguyen-kf2qz,0,2024-06-16T07:22:55Z,Y7UKIusPSF4
@chuphamthi,L,22,2024-06-17T04:09:39Z,Y7UKIusPSF4
@TinhVuThi-qo6gm,â€‹@chuphamthiq,6,2024-06-17T15:13:36Z,Y7UKIusPSF4
@ThiCoiNguyen-by4rg,1111Â¹  â€‹@ThuongNguyen-kf2qz,0,2024-06-18T10:48:53Z,Y7UKIusPSF4
@thienhuongangthi1313,Cuá»‘i cÃ¹ng tá»¥i bÃ¢y cÅ©ng cÃ³ tá»± sinh Ä‘áº» Ä‘Æ°á»£c Ä‘Ã¢u ?,0,2024-06-20T06:48:39Z,Y7UKIusPSF4
@devildarkness8126,"â€‹@thienhuongangthi1313 thÃ¬ sao Ã¡ báº¡n miá»…n cÃ³ con lÃ  Ä‘Æ°á»£c rá»“i , miá»…n há» háº¡nh phÃºc lÃ  Ä‘Æ°á»£c rá»“i , vÃ¬ cÃ¢u nÃ³i Ä‘á»™c láº­p - tá»± do- háº¡nh phÃºc mÃ  há» thÃ­ch nhau vÃ  hp thÃ¬ k cÃ³ j cáº¥m cáº£n",3,2024-06-21T14:49:01Z,Y7UKIusPSF4
@ThiNguyen-dr5yz,L<br>OğŸ˜ŠğŸ˜Šâ€‹@devildarkness8126,0,2024-06-23T09:10:37Z,Y7UKIusPSF4
@devildarkness8126,"@ThiNguyen-dr5yz khÃ´ng cáº§n lo Ä‘Ã¢u ban ,cÃ³ con lÃ  may rá»“i chá»© giá» ngÆ°á»i tráº» k muá»‘n cÃ³ con bÃ¢y giá» há» chá»‰ táº­p trung cÃ´ng viá»‡c vá»›i thÃ­ch tá»± do nÃªn giáº£m nhu cáº§u sinh con láº¯m áº¡( cÃ¡i nÃ y lÃ  dda soos chá»© mÃ¬nh k nÃ³i ai cx v nha cho mÃ¬nh xin lá»—i náº¿u nÃ³i gÃ¬ chÆ°a Ä‘Ãºng láº¯m)",1,2024-06-24T07:55:41Z,Y7UKIusPSF4
@VanHa-pb2sq,â€‹@chuphamthiku5â¤iu8,0,2024-06-29T03:21:55Z,Y7UKIusPSF4
@hoatran-ii5ud,ğŸ˜ŠğŸ˜ŠğŸ˜ŠğŸ˜Š,0,2024-07-02T01:27:32Z,Y7UKIusPSF4
@ngonnguyenchi7483,â€‹@chuphamthiğŸ˜Š,0,2024-07-13T10:47:27Z,Y7UKIusPSF4
@nguyenle-yq6bk,Es 9 con pua<br><br>â€‹@ThuongNguyen-kf2qz,0,2024-07-15T03:34:34Z,Y7UKIusPSF4
@NatduyDuong,"â€‹ <a href=""https://www.youtube.com/watch?v=Y7UKIusPSF4&amp;t=1638"">27:18</a> ,@TinhVuThi-qo6gm",0,2024-07-15T09:02:31Z,Y7UKIusPSF4
@conghoangthi9385,â€‹@devildarkness8126ğŸ˜Šâ¤,0,2024-07-21T06:18:14Z,Y7UKIusPSF4
@VanphuLe-rt1mk,GÃ´g9g,0,2024-10-28T12:09:37Z,Y7UKIusPSF4
@HanhVu-ke6gb,ğŸ˜Š,0,2024-11-11T16:57:21Z,Y7UKIusPSF4
@Äiá»‡pHoÃ ng-j7u,GiÃ¡ Ä‘á»‹nh há»§y vÃ  cÅ©ng. NhÆ° Huy cÃ³ phÃºc má»›i gáº­p dÆ°Æ¡c dÃ¢u vÃ  ngÆ°á»i vá»£ nhÆ° quá»‘c sá»‘ng tháº­t HP Ä‘ d con nhÃ©,0,2025-11-09T06:01:52Z,Y7UKIusPSF4
@anhtuyetnguyen7138,SiÃªu quÃ¡ğŸ˜Š,0,2025-09-26T09:43:08Z,Y7UKIusPSF4
@longngo9619,CÃ³tinh yÃªu sáº½ cÃ³ con,0,2025-09-03T19:58:23Z,Y7UKIusPSF4
@hoangaituyetvnhunghen3791,"TÃ´i á»§ng há»™ suy nghÄ© cá»§a quá»‘c ,vÃ  tÃ´i khÃ¢m phá»¥c viá»‡c lÃ m cá»§a huy cho quá»‘c lÃ  Ä‘Ãºng ,ng Ä‘á»“ng giá»›i há» ráº¥t giá»i , cáº·p nÃ y cÅ©ng Ä‘áº¹p nhÆ° hÃ  chÃ­ qiang thanh Ä‘oÃ n",0,2025-09-03T14:17:40Z,Y7UKIusPSF4
@GÃ¡iGiÃ¡p-y7h,Nhá»¯ng ngÆ°á»i Ä‘á»“ng tÃ­nh ráº¥t giá»i luÃ´n,0,2025-08-30T13:33:43Z,Y7UKIusPSF4
@VÃ¢nThu-n6o,"Ko ai chá»n nÆ¡i mÃ¬nh sinh ra Ä‘Æ°á»£c â¤ Ä‘á»“ng tÃ­nh thÃ¬ sao??? Miá»…n sao ngÆ°á»i ta sá»‘ng tá»‘t,ko vi pháº¡m luáº­t phÃ¡p lÃ  Ä‘Æ°á»£c â¤ lÃ m Äƒn lÆ°Æ¡ng thiá»‡n, biáº¿t yÃªu thÆ°Æ¡ng nhau, biáº¿t kÃ­nh trÃªn nhÆ°á»ng dÆ°á»›i lÃ  OK â¤â¤",0,2025-08-27T11:06:58Z,Y7UKIusPSF4
@NguyenSon-lg5zz,"2 chÃ¡u Ä‘áº¹p Ä‘Ã´i quÃ¡ ,cá»‘ gáº¯ng giá»¯ gÃ¬n háº¡nh phÃºc cÃ¡c chÃ¡u nhÃ© .",0,2025-08-27T05:55:48Z,Y7UKIusPSF4
@CuongTran-ce7ji,Tuyá»‡t vá»i quÃ¡ 2 em.,0,2025-08-16T23:47:52Z,Y7UKIusPSF4
@Minhminh-g8d,Tinh trung cua 2 ong..? Nhung nguoi khac de...??? con cua ong ?,0,2025-06-13T05:22:00Z,Y7UKIusPSF4
@VinhPháº¡m-e3i,â¤â¤â¤â¤â¤â¤â¤,0,2025-05-14T11:24:32Z,Y7UKIusPSF4
@VinhPháº¡m-e3i,â¤â¤â¤â¤â¤â¤â¤â¤,0,2025-05-14T11:24:23Z,Y7UKIusPSF4
@chinhvu2784,hai em tuyá»‡t vá»i quÃ¡,0,2025-04-24T08:17:03Z,Y7UKIusPSF4
@thaihongrose4479,CÃ³ pháº£i lÃ  Huy bÃ¡c sÄ© tháº©m má»¹ kg váº­y ta ?,0,2025-04-23T14:35:52Z,Y7UKIusPSF4
@chinhvu2784,em quá»‘c nháº¹ nhÃ ng huy Ä‘á»ƒ Ã½ quoc nhiá»u hÆ¡n,0,2025-04-23T08:53:00Z,Y7UKIusPSF4
@chinhvu2784,em quá»‘c tuyá»‡t vá»i quÃ¡ â¤hai em,0,2025-04-23T08:24:05Z,Y7UKIusPSF4
@luuong3835,ChÃºc má»«ng háº¡nh phÃºc 2 em â¤,0,2025-04-06T08:24:11Z,Y7UKIusPSF4
@DiemNguyen-u5w,"Con dep trai dep gai
Chuc mung 
De them nua di  con dep trai dep gai",0,2025-04-01T16:41:03Z,Y7UKIusPSF4
@huunghianguyen4156,yÃªu cÄƒp Ä‘Ã´i nÃ y.chÃºc hai e cáº£ Ä‘á»i háº¡nh phÃºc,0,2025-03-29T06:58:52Z,Y7UKIusPSF4
@nguyenminhchau3843,MÃ¬nh tháº¥y Huy giá»‘ng há»‡t KhÃ¡nh Chi lÃ  ngÆ°á»i hÆ¡i Ã­ch ká»· nhá»¯ng 3 Ä‘á»©a con cá»§a mÃ¬nh mÃ  Quá»‘c láº¡i khÃ´ng cÃ³ Ä‘á»©a con ruá»™t nÃ o cá»§a mÃ¬nh ? Cáº£m tháº¥y tá»™i Quá»‘c khÃ¡c gÃ¬ osin khÃ´ng cÃ´ng! HÃ£y lÃ m nhÆ° 2 báº¡n Thanh ÄoÃ n  thÃ¬ háº¡nh phÃºc biáº¿t bao!,0,2025-03-24T21:13:53Z,Y7UKIusPSF4
@anngo536,ChÃºc cÃ¡c chÃ¡u háº¡nh phÃºc mÃ£i mÃ£i bÃªn nhau â¤,0,2025-03-11T03:00:01Z,Y7UKIusPSF4
@Thá»‹HÃ oNguyá»…n-z7u,Hai ngÆ°á»i Ä‘áº¹p vÃ  phong Ä‘á»™ chÃºc hai ngÆ°á»i háº¡nh phÃºc mÃ£i mÃ£i bÃªn nhau,0,2025-03-06T13:08:47Z,Y7UKIusPSF4
@xiaobaihe1886,â¤â¤â¤qua tuyá»‡t vá»i,0,2025-03-03T07:35:47Z,Y7UKIusPSF4
@patricktran2851,2 anh tháº­t ráº¥t Ä‘áº¹p trai quÃ¡ vÃ  Ä‘Ã¡ng yÃªu láº¯m â¤â¤â¤â¤â¤â¤â¤,1,2025-02-20T01:59:34Z,Y7UKIusPSF4
@thanhdanh3839,"Ong huy ong len káº» hoáº¡ch xong háº¿t rá»“i de bÃ­t miá»‡ng gd ong ko noi duoc nhÆ°ng cung chá»‹u, ong qua thÃ´ng minh ko ai nÃ³i ong duoc . Nhung cáº¥p khach can há»c hoi va phÃ¡n Ä‘au nhu ong huy nhe .",0,2025-02-12T19:12:02Z,Y7UKIusPSF4
@Hieno-pr9rl,Mc vÃ´ duyÃªn,0,2025-02-07T03:15:52Z,Y7UKIusPSF4
@NgocTran-bl5es,Tuy lÃ  Ä‘á»“ng tÃ­nh . NhÆ°ng há» Ä‘áº¿n vá»›i nhau sá»‘ng háº¿t mÃ¬nh vá»›i nhau . ÄÃ³ lÃ  1 má»‘i duyÃªn tiá»n Ä‘á»‹nh cá»§a 2 ngÆ°á»i . 1 ngÆ°á»i Nam nhÆ° Quá»‘c hiáº¿m cÃ³ khÃ³ tÃ¬mtrong xh hiá»‡n  Ä‘áº¡i nÃ y . LuÃ´n sá»‘ng cuá»™c sá»‘ng luÃ´n nháº­n pháº§n thua thiá»‡t vá» mÃ¬nh . Äá»ƒ ngÆ°á»i mÃ¬nh yÃªu luÃ´n Háº¡nh phÃºc . ChÃºc 2 báº¡n  luÃ´n giá»¯ mÃ£i tÃ¬nh yÃªu tá»‘t dáº¹p nÃ y mÃ£i mÃ£i  cho 3 chÃ¡u nhá» cÃ³ nhá»¯ng háº­u phÆ°Æ¡ng vá»¯ng cháº¯c trÃªn bÆ°á»›c Ä‘Æ°á»ng Ä‘á»i Ä‘áº§y phong ba bÃ£o tÃ¡p cá»§a xh  . ğŸ‘,0,2024-12-19T00:42:15Z,Y7UKIusPSF4
@phanvanson279,tháº­t ngÆ°á»¡ng má»™ hai em,0,2024-12-11T08:33:57Z,Y7UKIusPSF4
@Váº¡nNguyá»…n-l7d9q,E quá»‘c Ä‘áº¹p trai nhÃ¬n phÃºc háº­u nhÃ¢n tá»« ráº¥t ráº¥t dá»… máº¿n yÃªu.  Nhiá»u phu nu cÅ©ng ko cÃ³ khuÃ¢n máº·t nhÃ¢n Ä‘Ãºc tháº¿,0,2024-12-01T04:38:22Z,Y7UKIusPSF4
@Váº¡nNguyá»…n-l7d9q,Cap  Ä‘Ã´i Ä‘áº¹p trai Ä‘Ã¡ng yÃªu  háº¡nh phÃºc.  Hai báº¡n trai sá»‘ng vá»›i nhau mÃ  háº¡nh phÃºc thÃ¬ cuá»™c Ä‘á»i sung sÆ°á»›ng gáº¥p ngÃ n láº§n vá»£ chá»“ng khÃ¡c giá»›i á»Ÿ vá»›i nhau cáº£ cuá»™c Ä‘á»i mÃ  ko tháº¥y háº¡nh phÃºc á»Ÿ Ä‘Ã¢u cáº£ toÃ n báº¥t hanh,0,2024-12-01T04:34:48Z,Y7UKIusPSF4
@hoangxanh9214,â¤â¤â¤,0,2024-11-18T04:31:45Z,Y7UKIusPSF4
@phamthinu5194,CÃ¢u chuyá»‡n cá»§a Quá»‘c vÃ  Huy tháº­t cáº£m Ä‘á»™ng . ChÃºc 2 báº¡n trÄƒm nÄƒm háº¡nh phÃºc . Ráº¥t yÃªu cÃ¡c báº¡n,0,2024-11-14T04:43:09Z,Y7UKIusPSF4
@yenao3398,Bá»n Ä‘á»“ng tÃ­nh vo van xam o cÃ³ trá»©ng cá»§a phá»¥ ná»¯ thÃ¬ de kiá»ƒu gÃ¬ nhÃ¬n nhá»¯ng tháº±ng cong nÃ y Ä‘ang nghÃ©t Cho chÃºng nÃ³ vÃ o háº¿t lo Ä‘ang thÆ°Æ¡ng Cho nhá»¯ng bÃ  máº¹ de ra nhá»¯ng tháº±ng cong nÃ y,0,2024-11-13T07:41:49Z,Y7UKIusPSF4
@LamChu-ub3up,"Cáº£m Ä‘á»™ng quÃ¡ mÃ¬nh lÃ  ngÆ°á»i ráº¥t gia trÆ°á»Ÿng  , ( mÃ¬nh cÃ³ hai con  zai  kÃ©m Huy má»™t vÃ i tuá»•i ,) mÃ  xem xong mÃ¬nh Ä‘Ã£ rá»›t nÆ°á»›c máº¯t   Quá»‘c vÃ  Huy Ä‘Ã£ lÃ m cho mÃ¬nh suy nghÄ© vá» Ä‘á»“ng tÃ­nh hoÃ n toÃ n khÃ¡c !!! 
NgÆ°á»i  vá»£ nhÆ° Q. ráº¥t quÃ½  vÃ  H cÅ©ng ráº¥t giá»i hai Ä‘á»©a Ä‘Ãºng lÃ  cáº·p Ä‘Ã´i ráº¥t Ä‘áº¹p !!! ChÃºc hai  Ä‘á»©a mÃ£i HP  â¤â¤
( gá»­i lá»i chÃ o tá»« CHLB Äá»©c) 
â¤â¤â¤â¤",0,2024-11-12T15:21:44Z,Y7UKIusPSF4
@thithomnguyen189,Con trai Ä‘áº» kiá»ƒu gÃ¬,0,2024-11-09T07:15:03Z,Y7UKIusPSF4
@LaLe-ie1hj,Sao láº¡i cÃ³ chuyá»‡n láº¡ lÃ¹ng nhÆ° váº­y Ä‘Ã n Ã´ng khÃ¡c Ä‘Ã n bÃ  nhiá»u thá»© vá» giá»›i tÃ­nh mÃ¬nh cháº³ng bao giá» tin,0,2024-11-09T06:24:12Z,Y7UKIusPSF4
@quangluyen922,Sao nhÆ° thÆ°á»ng Ä‘c,0,2024-11-07T14:02:01Z,Y7UKIusPSF4
@ThanhNguyen-km2ez,Ba cá»¥c vÃ ng cÆ°ng quÃ¡â¤â¤â¤â¤â¤,0,2024-11-07T00:07:00Z,Y7UKIusPSF4
@ThanhNguyen-km2ez,"Cáº·p nÃ y giá»i quÃ¡ nhiá»u cáº·p vá»£ chá»“ng nam ná»¯  cÃ²n khÃ³ cÃ³ con dÃ¹ thá»¥ tinh nhÃ¢n táº¡o cÃ²n khÃ´ng Ä‘áº­u váº­y cáº·p hai chÃ ng trai nÃ y quÃ¡ giá»i cÃ³ ba Ä‘á»©a con tháº­t tuyá»‡t vá»i cÃ´ ráº¥t ngÆ°á»¡ng má»™ cÃ¡c con cÃ¡c  hai Ä‘á»©a hÃ£y náº¯m tay nhau cho tháº­t cháº·t Ä‘á»«ng bao mÃ  suy nghá»‰  buÃ´ng bá» Ä‘á»ƒ lo cho ba bÃ© thÃ¬ hai Ä‘á»©a cÃ³ má»™t gia Ä‘Ã¬nh nhÃ  con ráº¥t háº¡nh phÃºc  Ä‘á»“ng tÃ­nh thÃ¬ cÃ³ sao Ä‘Ã¢u miá»…n cÃ¡c con cÃ³ nhiá»u tÃ¬nh yÃªu thÆ°Æ¡ng cá»§a nhau sá»‘ng vá»›i nhau trá»n Ä‘á»i Ä‘á» má»›i lÃ  háº¡nh phÃºc cÃ´ chÃºc hai Ä‘á»©a háº¡nh phÃºc Ä‘áº¿n Ä‘áº§u báº¡c rÄƒng long nghe hai Ä‘á»©a
â¤â¤â¤â¤â¤ğŸ˜‚ğŸ˜…ğŸ˜‚ğŸ˜…ğŸ˜‚",0,2024-11-07T00:05:28Z,Y7UKIusPSF4
@NganNguyen-in2le,LÃªn sÃ³ng ráº¥t nhiá»u.nhÆ°ng phÃ¡p luáº­t bao giá» má»›i cÃ´ng nhÃ¢n â€¦..,0,2024-11-04T13:22:38Z,Y7UKIusPSF4
@bao_ngan_44,Hai con quÃ¡ suáº¥t sáº¯c Ä‘Ãºng nhÅ©ng ng cÃ³ trÃ­ thá»©c cÃ³ tÃ¢m vÃ  hiáº¿u thuáº­n,0,2024-11-03T15:27:29Z,Y7UKIusPSF4
@bao_ngan_44,CÃ²n hÆ¡n nhá»¯ng cáº·p gÄ‘ máº«u,0,2024-11-03T15:16:22Z,Y7UKIusPSF4
@bao_ngan_44,CÃ²n hÆ¡n nhá»¯ng cáº·p gÄ‘ máº«u,0,2024-11-03T15:16:14Z,Y7UKIusPSF4
@bao_ngan_44,Quá»‘c ráº¥t sÃ¢u sáº¯c,0,2024-11-03T15:14:17Z,Y7UKIusPSF4
@bao_ngan_44,Hai  Ä‘Ãºa con ráº¥t áº¥m Ã¡p trong hp vÃ  cÃ³ tÃ¬nh ngÆ°á»i,0,2024-11-03T15:13:28Z,Y7UKIusPSF4
@ChanPhanThi-gx4vj,Em sáº½ khÃ´ng tin Ä‘Ã n Ã´ng mÃ  láº¥y Ä‘Æ°á»£c nhau Ä‘Ã¢u,0,2024-11-03T13:45:04Z,Y7UKIusPSF4
@thiminhtunguyen4475,Xin lá»—i toÃ n xáº¡o Ã ,0,2024-11-02T02:43:02Z,Y7UKIusPSF4
@hopnguyen5846,"Hai vá»£ chá»“ng lÃ  Ä‘á»u lÃ  Ä‘Ã n Ã´ng. NhÆ°ng tháº­t ngÆ°á»¡ng má»™, tuyá»‡t vá»i, lÃ  Ä‘Ã n Ã´ng mÃ  biáº¿t nuÃ´i con cÃ²n hÆ¡n Ä‘Ã n bÃ . VÃ  hai chÃ¡u ráº¥t khÃ´n ngoan khÃ´n khÃ©o. ChÃºc má»«ng hai chÃ¡u háº¡nh phÃºc vÃ  bÃ¬nh an.",0,2024-11-01T17:48:07Z,Y7UKIusPSF4
@sarah_yeurika7345,LÃ  qua,0,2024-10-31T23:41:04Z,Y7UKIusPSF4
@TinhNguyen-e5b,ChÃºc 2 chÃ¡u â¤ hp â¤,0,2024-10-30T08:42:19Z,Y7UKIusPSF4
@Kimmy21-c9h,Chá»‰ tá»™i cho cÃ¡c con lá»›n lÃªn kg cÃ³ vai trÃ² cá»§a ngÆ°á»i phá»¥ ná»¯ bÃªnh cáº¡nh. TÃ¢m lÃ½ cÃ¡c con cÃ³ láº½ sáº½ khÃ¡c thÆ°á»ng.,0,2024-10-30T05:24:15Z,Y7UKIusPSF4
@ChungTráº§n-n8z,NgÆ°á»£c Ä‘á»i .,0,2024-10-29T15:58:18Z,Y7UKIusPSF4
@NhaThi66,BÃ  vá»£ nÃ y tÃ¢m lÃ½ ráº¯c rá»‘i hÆ¡n má»™t sá»‘ bÃ  vá»£ thuáº§n ná»¯. KhÃ´ng biáº¿t Ä‘Æ°á»ng Ä‘á»i cÃ³ sá»‘ng vá»›i nhau dÃ i nhÆ° nam vÃ  ná»¯ khÃ´ng. NhÆ°ng tÃ´i cháº¯c má»™t Ä‘iá»u lÃ  anh chÃ ng dÃ¢u sáº½ hiá»ƒu tháº£o hÆ¡n vÃ  khÃ´ng chiáº¿n tranh ngáº§m vá»›i máº¹ chá»“ng nhÆ° má»™t sá»‘ nÃ ng dÃ¢u,1,2024-10-25T14:28:26Z,Y7UKIusPSF4
@tinapiliouras4103,I've seen these 2 guys on several programs  the big guy was a player had Ã  girlfriend etc whilst he was with you ger guy  fast forward they end up marrying ghaving b8g guys 3kids Ni hope he's  treating his partner well and not playing around,0,2024-10-24T03:52:42Z,Y7UKIusPSF4
@vinhphamvan694,Cho máº¥y con nhá» má» há»•n áº¿ lÃ¨ loi.,0,2024-10-21T13:49:46Z,Y7UKIusPSF4
@modinh9700,"Chuc 2 ban hanh phuc,,,,",0,2024-10-19T12:51:41Z,Y7UKIusPSF4
@nguyenthinga3366,Hai em ai cÅ©ng dá»… thÆ°Æ¡ng vÃ  Ä‘áº¹p trai,0,2024-10-16T11:13:40Z,Y7UKIusPSF4
@lechi5770,Äáº¹p Ä‘Ã´i,0,2024-10-15T13:16:12Z,Y7UKIusPSF4
@SLai-hn4up,"Cáº£m Æ¡n kÃªnh, cÃ¢u chuyá»‡n cá»§a gia Ä‘Ã¬nh nÃ y quÃ¡ hay.",0,2024-10-14T13:00:19Z,Y7UKIusPSF4
@linhhuynhthimong3115,Quá»‘c ráº¥t hiá»ƒu chuyá»‡n Quá»‘c lÃ m vá»£ khÃ´ng thua gÃ¬ nhá»¯ng ngÆ°á»i phá»¥ ná»¯.,1,2024-10-13T15:07:47Z,Y7UKIusPSF4
@LanNgÃ´-j9t,YÃªu quÃ¡ 2 em :huy vÃ  quá»‘c nhÃ©,0,2024-10-10T10:50:34Z,Y7UKIusPSF4
@muoipham5328,Xem Ä‘i xem láº¡i....tháº¥y iu wa di,0,2024-10-10T00:55:12Z,Y7UKIusPSF4
@hoaiphamthi6756,"huy Æ¡i, con pháº£i iu thÆ°Æ¡ng vá»£ con tháº­t nhiá»u hÆ¡n ná»¯a 6:58",0,2024-10-07T17:08:35Z,Y7UKIusPSF4
@ngalehong4300,â¤â¤â¤â¤,1,2024-10-05T12:40:12Z,Y7UKIusPSF4
@hiennguyenthiminh6256,Quá»‘c hao hao giá»‘ng ngÆ°á»i ná»•i tiáº¿ng nhÆ° CS  Minh LuÃ¢n - cáº§u thá»§ Quan Háº£i  â¤â¤â¤,1,2024-10-05T04:32:33Z,Y7UKIusPSF4
@hiennguyenthiminh6256,Xem mÃ£i chÆ°Æ¡ng trÃ¬nh náº§y kg tháº¥y chÃ¡n â¤â¤â¤,1,2024-10-05T04:29:09Z,Y7UKIusPSF4
@hiennguyenthiminh6256,Äá»«ng lÃ m khá»• nhau ná»¯a nha ğŸ˜¢,1,2024-10-05T04:27:20Z,Y7UKIusPSF4
@hiennguyenthiminh6256,ChÃºc cáº·p Ä‘Ã´i trÃ n Ä‘áº§y háº¡nh phÃºc â¤â¤â¤,1,2024-10-05T04:26:31Z,Y7UKIusPSF4
@hiennguyenthiminh6256,Xem mÃ£i váº«n kg chÃ¡n â¤,1,2024-10-04T13:16:38Z,Y7UKIusPSF4
@hiennguyenthiminh6256,â¤â¤â¤,0,2024-10-04T13:14:27Z,Y7UKIusPSF4
@HaiNguyen-gt5dt,Cáº·p vk ck Ä‘áº¹p Ä‘Ã´i quÃ¡ chÃºc 2 con vÃ  3 nhÃ³c Ä‘Ã¡ng yÃªu máº¡nh khá»e hp bÃªn nhau trá»n Ä‘á»i â¤â¤â¤â¤â¤â¤â¤â¤â¤â¤â¤,2,2024-10-02T23:02:33Z,Y7UKIusPSF4
@Ngá»cTrá»‹nh-b5j,Huy con ko bao giá» phá»¥ lÃ²ng quá»‘c lÃ  ngÆ°á»i tuyá»‡t hÆ¡n cáº£ phá»¥ ná»¯ cÅ©ng bÃ¡i phá»¥c,1,2024-10-02T16:33:08Z,Y7UKIusPSF4
@HaNguyen-ko5er,"Váº­y lÃ  Ä‘Ã n Ã´ng Ä‘áº» Ä‘Æ°á»£c sao ?. Äan Ã´ng láº¥y Ä‘ Ã´ng mÃ  nÃ³i lÃ  cÃ³ con bÃ¬nh thÆ°á»ng,háº£ ????",0,2024-10-01T12:55:28Z,Y7UKIusPSF4
@devildarkness8126,"Thá»¥ tinh nhÃ¢n táº¡o , nháº­n con nuÃ´i , nhá» ng mang thai , thiáº¿u j cÃ¡ch áº¡ , há» háº¡nh phÃºc trong cuá»™c Ä‘á»i cá»§a há» , cÅ©ng k pháº¡m trá»ng tá»™i trÃ¡i láº½ thÆ°á»ng tÃ¬nh",0,2024-10-04T21:37:10Z,Y7UKIusPSF4
@ThanhMinh-k3b,Äa la con nguoi Ä‘c sanh ra luon gan lien so phan ko lua chon Ä‘c mÃ¥ DO nghiep lÅ³c,0,2024-09-30T01:53:26Z,Y7UKIusPSF4
@hiennguyenthiminh6256,ADi ÄÃ  Pháº­t  PhÃ¹ há»™ cho cáº·p Ä‘Ã´i â¤,1,2024-09-29T13:10:06Z,Y7UKIusPSF4
@loinguyen-jf3li,"2 chÃ¡u tháº­t tuyá»‡t vá»i, chÃºc gÄ‘ chÃ¡u vÃ  3 con mÃ£i HP",1,2024-09-23T12:40:44Z,Y7UKIusPSF4
@huyidol8713,U,0,2024-09-18T12:28:15Z,Y7UKIusPSF4
@NamLe-cl5gq,"ThÃ´i thÃ¬ má»— ngÆ°á»i Ä‘á»u cÃ³ háº¡nh phÃºc riÃªng, vÃ  ngÆ°á»£c láº¡i, trÆ°á»›c Ä‘Ã¢y mÃ¬nh cÅ©ng ráº¥t khÃ³ hiá»ƒu vá» chuyá»‡n nÃ y, nhÆ°ng cÃ³ láº½ vÃ¬ nÃ³ háº¡n cháº¿ vÃ  hiáº¿m hoi, Ä‘Ã¢y cÅ©ng lÃ  má»™t sá»± thiá»‡t thÃ²i cho má»™t con ngÆ°á»i Ä‘Æ°á»£c sinh ra,nay mÃ¬nh hiá»ƒu Ä‘Æ°á»£c vÃ  ráº¥t Ä‘á»“ng cáº£m cÃ¹ng cÃ¡c báº¡n,mong cho cÃ¡c ban miá»…n sao tháº¥y mÃ¬nh háº¡nh phÃºc lÃ  Ä‘Æ°á»£c, cuá»™c Ä‘á»i tháº­t ngáº¯n ngá»§i ,xin chÃºc cÃ¡c báº¡n luÃ´n vui váº»,",1,2024-09-16T05:49:37Z,Y7UKIusPSF4
@vanphongluu9972,Anh xem nhiÃªÌ€u  liÌp  LGBT .nhÆ°ng  2 em rÃ¢Ìt  ngÆ°Æ¡Ìƒng  mÃ´Ì£,1,2024-09-15T12:36:31Z,Y7UKIusPSF4
@vanphongluu9972,Huy sÃ´Ìng  rÃ¢Ìt  thoaÌng â¤,1,2024-09-15T12:29:24Z,Y7UKIusPSF4
@vanphongluu9972,QuÃ´Ìc  noÌi  chuyÃªÌ£n  rÃ¢Ìt  chiÌnh  chÄƒÌn.Huy biÃªn luÃ¢Ì£n  sai rÃ´Ì€i,1,2024-09-15T12:15:50Z,Y7UKIusPSF4
@kimdungphan917,â¤,0,2024-09-14T10:06:43Z,Y7UKIusPSF4
@hoaiphamthi6756,"huy Æ¡i, con pháº£i iu thÆ°Æ¡ng vá»£ con tháº­t nhiá»u hÆ¡n ná»¯a 58:16",1,2024-09-13T13:16:48Z,Y7UKIusPSF4
@VÄƒnÄinhNguyá»…n-l2f,ğŸ‰ğŸ‰ğŸ‰,0,2024-09-12T22:47:06Z,Y7UKIusPSF4
@VÄƒnÄinhNguyá»…n-l2f,â¤,0,2024-09-12T22:46:39Z,Y7UKIusPSF4
@VÄƒnÄinhNguyá»…n-l2f,â¤,0,2024-09-12T22:46:29Z,Y7UKIusPSF4
@HanhNguyen-w1i,"Bao nhiÃªu lÃ  sÃ³ng giÃ³ Ä‘á»ƒ Ä‘i Ä‘áº¿n háº¡nh phÃºc vÃ  cÃ¹ng nhau tÃ¬m kiáº¿m cÃ¡c thiÃªn tháº§n Ä‘Ã£ Ä‘áº¡t Ä‘Æ°á»£c má»¥c Ä‘Ã­ch doi thÃ¬ ai cÅ©ng cÃ³ tu Ã¡i giáº­n dá»—i thÃ¬ bá» qua háº¿t vÃ  nÃ¢ng niu nhá»¯ng gÃ¬ mÃ¬nh Ä‘ang cÃ³ dung Ä‘á»ƒ sao sÃ¡o uong , mÃ¬nh Ä‘ang Ä‘Ã¢y Ä‘á»§ váº­t cháº¥t hon nhan con cÃ¡i biáº¿t bao nhiÃªu ngÆ°á»i cÃ³ tiá»n khÃ´ng cÃ³ con mÃ  ngÆ°á»£c láº¡i cÃ³ con khÃ´ng cÃ³ tiá»n tháº¿ nÃªn cÃ¡c báº¡n pháº£i chi tiÃªu de dat Ä‘á»ƒ phÃ²ng lÃºc cÃ¡c con á»‘m Ä‘au tai náº¡n cháº³ng háº¡n ai Ä‘Æ°á»£c lÃ m ngÆ°á»i may máº¯n cÃ³ tay chÃ¢n miá»‡ng máº¯t mÅ©i hÃ£y sá»‘ng tá»‘t Ä‘á»ƒ che chá»Ÿ cho cÃ¡c con nha , mÃ¬nh cÅ©ng tá»«ng khÃ´ng cÃ³ ba máº¹ Ä‘á»ƒ lo cho con nÃªn mÃ¬nh dat nang niu vá»›i táº¥t cáº£ má»i thá»©",1,2024-09-09T05:58:30Z,Y7UKIusPSF4
@thihanhnguyen-rt9ck,"Huy tháº­t tuyá»‡t vá»i
ChÃºc gia Ä‘Ã¬nh bÃ¬nh an vui váº», háº¡nh phÃºc",1,2024-09-08T09:26:59Z,Y7UKIusPSF4
@ThanhChu-x4g,"Nghe cÃ¢u chuyá»‡n hai em tháº­t cáº£m Ä‘á»™ng .â¤â¤ chÃºc hai em háº¡nh phÃºc. ChÃºc ba bÃ© ngoan khá»e, mÃ£i lÃ  niá»m vui cho hai ba Huy Quá»‘c nha.yÃªu thÆ°Æ¡ng gia Ä‘Ã¬nh cá»§a cÃ¡c em. â¤â¤",3,2024-09-05T16:16:55Z,Y7UKIusPSF4
@HÆ°Æ¡ngNguyá»…nThá»‹-m2k,"ChÃ ng trai bÃªn trÃ¡i nhÃ¬n kiá»ƒu Ä‘iÃªm Ä‘áº£m hÆ¡n. VÃ  cÅ©ng ráº¥t quan tÃ¢m con tá»« nhá» Ä‘áº¿n lá»›n chÃºt xÃ­u vÃ  Ä‘i lÃ m kiáº¿m tiá»n lo cho con.  NhÃ¬n thÆ°Æ¡ng c t bÃªn trÃ¡i.  .
CÃ²n c trai bÃªn pháº£i cÃ³ tÃ­nh gia trÆ°á»Ÿng quÃ¡... NÃ³i kiáº¿m tiá»n thÃ¬ ai cÅ©ng cáº§n cáº£.   NhÆ°ng thiáº¿u t c.  Nhin con mÃ  KO quan tÃ¢m con hay hu hi vá»›i con má»™t tÃ­.   Láº¥y t c cha con... bÃªn nhÃ¬n NhÆ° kiá»ƒu GHÃ‰T con... thÃ¬ nÃ³ cÅ©ng GHÃ‰T láº¡i thÃ´i ğŸ˜‚ğŸ˜‚ğŸ˜‚ğŸ˜‚ğŸ˜‚ğŸ˜‚ğŸ˜‚ğŸ˜‚ğŸ˜‚",0,2024-09-04T05:10:37Z,Y7UKIusPSF4
@thanhtringuyen-hz2ym,Ai lÃ  vk váº­y,0,2024-09-02T19:12:38Z,Y7UKIusPSF4
@thanhtringuyen-hz2ym,Sao 0 máº·c Ä‘á»“ ná»¯ nhá»‰,0,2024-09-02T19:12:16Z,Y7UKIusPSF4
@thianhhahuynh7326,chÃºc 2 em mÃ£i hp,1,2024-09-02T13:05:45Z,Y7UKIusPSF4
@ThamNguyen-jv9du,mÃ¬nh chÆ°a hiá»ƒu láº¯m cÃ³ ai giáº£i thÃ­ch dÃ¹m lÃ  .Ä‘Ã¢y cÃ³ pháº£i lÃ  hai ngÆ°á»i Ä‘Ã n Ã´ng thá»±c sá»± hay lÃ  1 ngÆ°á»i chuyá»ƒn giá»›i .. mÃ  sao láº¡i cÃ³ con ráº¥t tuyá»‡t vá»i váº­y má»i ngÆ°á»i,0,2024-08-30T10:27:14Z,Y7UKIusPSF4
@devildarkness8126,"Hai ngÆ°á»i lÃ  con trai nha báº¡n , há» thá»¥ tinh nhÃ¢n táº¡o Ã¡ , cx cÃ³ thá»ƒ lÃ  nháº­n con nuÃ´i hoáº·c nhá» ngÆ°á»i mang thai há»™",0,2024-09-03T07:00:35Z,Y7UKIusPSF4
@Lucky-g3g6w,CÃ´ nÃ ng phá»ng váº¥n Ä‘áº¹p nhÆ°ng trang Ä‘iá»ƒm Ä‘áº­m hÆ¡i giá»‘ng cáº£i lÆ°Æ¡ng nháº¡t láº¡i sáº½ Ä‘áº¹p hÆ¡n,2,2024-08-30T02:41:36Z,Y7UKIusPSF4
@TrukngHan,Cáº§u mong cÄƒp Ä‘Ã´i tháº¥u hiá»ƒu nhau vÃ  di Ä‘áº¿n hp trá»n Ä‘Ã²i,1,2024-08-28T06:28:20Z,Y7UKIusPSF4
@danha4719,BÃ  lÃ½ chÃºc ba chÃ¡u Äƒn no chÃ³ng lá»›n nhÃ© a Di ÄÃ  Pháº­t â¤,1,2024-08-28T04:37:40Z,Y7UKIusPSF4
@danha4719,Con mang báº§u tháº¥y hay quÃ¡ chÃºc má»«ng hai chÃ¡u sá»‘ng vuÃ¬ váº» máº¡nh khá»e vÃ  háº¡nh phÃºc nha hai chÃ¡u nhÃ© a Di ÄÃ  Pháº­t â¤,1,2024-08-28T04:36:53Z,Y7UKIusPSF4
@danha4719,Trá»i Æ¡i con trai cÃ³ thai mÃ  báº­t cÆ°á»i Ä‘au bá»¥ng Ä‘i nha a Di ÄÃ  Pháº­t â¤,1,2024-08-28T04:34:39Z,Y7UKIusPSF4
@danha4719,TÃ´i ráº¥t ngáº¡c nhiÃªn lÃ  hai ngÆ°á»i con trai láº¥y vá»›i nhau mÃ  váº«n cÃ³ con,1,2024-08-28T04:16:25Z,Y7UKIusPSF4
@LienNguyen-zp6vo,Ráº¥t thÃ­ch hai em tá»± nhiÃªn dá»ƒ thÆ°Æ¡ng quÃ¡ cÃ¡i gÃ¬ cÅ©ng sá»± tháº­t xÃ£ há»™i cháº¥p nháº­n tÃ¬nh cáº£m cá»§a Em cá»™ng Ä‘á»“ng cÅ©ng yÃªu thÆ°Æ¡ng má»™t vá»£ chá»“ng Ä‘á»“ng tÃ­nh ráº¥t dá»… thÆ°Æ¡ng quÃ¡ chÃºc má»«ng hai chá»‹ em háº¡nh phÃºc nhÃ© lo láº¯ng cho con tÆ°Æ¡ng lai,1,2024-08-20T18:36:11Z,Y7UKIusPSF4
@Tung3008real,mong gÄ‘ 2 báº¡n háº¡nh phÃºc,2,2024-08-20T15:22:40Z,Y7UKIusPSF4
@Hiá»nPháº¡m-u1x9y,Khá»• thÃ¢n cÃ¡c cÃ³ tÃ¬nh thÆ°Æ¡ng cÅ©ng khÃ´ng bÃ¹ Ä‘áº¯p Ä‘Æ°á»£c,0,2024-08-20T10:09:28Z,Y7UKIusPSF4
@Hiá»nPháº¡m-u1x9y,KhÃ´ng xuáº¥t hiá»‡n thÃ¬ thÃ´i Ä‘Ã£ xuáº¥t hiá»‡n xáº½ náº±m trong suy nghÄ© cá»§a ngÆ°á»i khÃ¡c n ghÄ© cÃ¡i gÃ¬ mÃ  lÃ m nhá»¯ng chÆ°Æ¡ng trÃ¬nh nhÆ° váº­y,0,2024-08-20T10:04:22Z,Y7UKIusPSF4
@Hiá»nPháº¡m-u1x9y,TÃ´i khÃ´ng hiá»ƒu táº¡i sao chÆ°Æ¡ng trÃ¬nh láº¡i lÃ m nhá»¯ng chÆ°Æ¡ng trÃ¬nh nhÆ° váº­y muá»‘n giá»›i tráº» há»c Theo xÃ£ há»™i xáº½ ra xao áº£nh hÆ°á»Ÿng Ä‘áº¿n sá»± phÃ¡t triá»ƒn cá»§a Ä‘áº¥t nÆ°á»›c,2,2024-08-20T09:59:49Z,Y7UKIusPSF4
@devildarkness8126,"Báº¡n Æ¡i , Lgbt chiáº¿m pháº§n trÄƒm Ã­t láº¯m áº¡ , nhá»¯ng ngÆ°á»i á»Ÿ kÃªnh nÃ y há» thÃ nh Ä‘áº¡t vÃ  há» yÃªu nhau , xÃ£ há»™i cÃ³ ng nÃ y ng kia , miá»…n há» háº¡nh phÃºc lÃ  Ä‘c , giá»›i tráº» cÃ³ ng á»§ng há»™ hoáº·c k hoáº·c tÃ´n trá»ng áº¡ , nhá»¯ng ng lgbt váº«n Ä‘Ã³ng gÃ³p cho Ä‘áº¥t nÆ°á»›c nhÆ° TrÆ°á»ng San Ã¡ báº¡n",0,2024-09-03T07:04:43Z,Y7UKIusPSF4
@cucpham4888,"Huy quÃ¡ háº¡nh phÃºc cÃ³ ngÆ°á»i yÃªu chÄƒm lo cho gia Ä‘Ã¬nh cá»±c ká»³ hiáº¿m cÃ³ trong xÃ£ há»™i bÃ¢y giá». Cáº£m Æ¡n Quá»‘c,Huy.",3,2024-08-15T13:10:20Z,Y7UKIusPSF4
@thithuyhoale2118,Xáº£o vá»«a pháº£i thÃ´i lÃ m nhÆ° con cá»§a Ä‘áº¡i gia kg báº±ng  phÃ©t quÃ¡ Ä‘i,0,2024-08-10T08:08:20Z,Y7UKIusPSF4
@tuyethuongo3171,"2ban vÆ°á»£t qua Ä‘á»‹nh kiáº¿n xÃ£ há»™i vÃ  cÃ³ cÃ¡ch xá»­ lÃ½ giáº£i quyáº¿t váº¥n Ä‘á» trong gia Ä‘Ã¬nh, trong cuá»™c sá»‘ng, trong sá»± nghiá»‡p!
 Tháº­t dÅ©ng  cáº£m, tháº­t tuyá»‡t vá»i! 
ChÃºc má»«ng 2 em, chÃºc luÃ´n háº¡nh phÃºc nhÃ© â¤â¤â¤â¤â¤",11,2024-08-05T05:03:22Z,Y7UKIusPSF4
@hancao2316,ChÃºc GÄ chÃ¡u tháº­t háº¡nh phÃºc thÆ°Æ¡ng quá»‘c vÃ´ cÃ¹ng má»™t ngÆ°á»i tráº» tuá»•i mÃ  cÃ³ trÃ¡i tim nhÃ¢n háº­u cháº¯c chá»‰ tÃ­nh trÃªn Ä‘áº§u ngÃ³n tay trá»i xe duyÃªn cho huy huy hÃ£y quÃ½ trá»ng nhiá»u hÆ¡n ná»¯a yÃªu quÃ¡,3,2024-08-05T03:20:29Z,Y7UKIusPSF4
@thanhvo4798,GÃ¬ hay Ä‘Ã¢u mÃ  khoe khoan,0,2024-08-02T13:08:15Z,Y7UKIusPSF4
@minhhaiphanminhhai5694,Tuyá»‡t vá»i ngÆ°á»¡ng má»™ vÃ  ná»ƒ quÃ¡â¤,1,2024-08-02T11:41:33Z,Y7UKIusPSF4
@Tráº§nThá»‹TÃ­nh-h6w,ChÃºc 2ban háº¡nh phÃºc viÃªn mÃ£n áº¡,2,2024-08-01T14:41:24Z,Y7UKIusPSF4
@lethibinh521,Cap    vÃ´  chÃ´ng    tuey   voi,1,2024-07-31T14:18:42Z,Y7UKIusPSF4
@ThikhanhHo-r6k,"CÃ´ bÃ© cháº£nh quÃ¡,  cÆ°ng ghÃª .",1,2024-07-28T13:32:55Z,Y7UKIusPSF4
@gamle5781,Hai chÃ¡u ráº¥t phÃ¹ hÆ¡p chÃºc hai chÃ¡u hp tron Ä‘á»iâ¤â¤â¤â¤â¤,1,2024-07-26T07:15:47Z,Y7UKIusPSF4
@phongtran7976,May ong be de noi chuyÃªÌ£n nghe met qua,0,2024-07-25T15:25:04Z,Y7UKIusPSF4
@thihongle6751,MÃ¬nh khÃ´ng hiá»ƒu hai ngÆ°á»i Ä‘Ã n Ã´ng mÃ  láº¡i Ä‘áº» Ä‘Æ°á»£c ba Ä‘á»©a con tÃ i tháº­t,1,2024-07-24T13:04:37Z,Y7UKIusPSF4
@ThikhanhHo-r6k,Dá»… thÆ°Æ¡ng quÃ¡ Huy + Quá»‘c Æ¡i. ChÃºc má»«ng.,1,2024-07-21T16:27:27Z,Y7UKIusPSF4
@ChuanLen-wp2ou,MÃ¬nh yÃªu quÃ½ cáº·p Ä‘Ã´i nÃ y láº¯m luÃ´n,1,2024-07-21T15:23:39Z,Y7UKIusPSF4
@ThithanhHoang-bu8xb,Hanh phÃºc,1,2024-07-21T09:11:57Z,Y7UKIusPSF4
@Thá»‹KimDungLÃª-h1q,"Äáº¹p trai, tri thá»©c vÃ  men...",1,2024-07-21T07:30:56Z,Y7UKIusPSF4
@xuyentran2456,"YÃªu nhÃ  Huy Quá»‘c. 
Mong ráº±ng cáº£ hai Ä‘á»«ng Ä‘á»ƒ sá»± nháº¥t thá»i  cá»§a má»—i Ä‘á»©a lÃ m  hanh phÃºc tan vÆ¡ trong sá»± tiáº¿c nuá»‘i. 
ChÃºc 2 em mÃ£i thanh xuÃ¢n vÃ  háº¡nh phÃºc. ChÃºc 5 ba con luÃ´n lÃ   táº¥m gÆ°Æ¡ng sÃ¡ng trong cá»™ng Ä‘á»“ng.",4,2024-07-20T23:50:15Z,Y7UKIusPSF4
@chuongduong3070,Hai Ã´ng con  trai tá»‘i quan  huá»‡ vá»›i  nhau nhÆ° tháº¿ nÃ onhi,0,2024-07-20T15:43:46Z,Y7UKIusPSF4
@ngan3841,"Báº¡n Quá»‘c trÃªn cÆ°Æ¡ng vá»‹ má»™t ngÆ°á»i PN , vÃ  má»™t ngÆ°á»i vá»£, ngÆ°á»i máº¹ ráº¥t tuyá»‡t vá»i",2,2024-07-18T11:37:52Z,Y7UKIusPSF4
@thiepho3893,Báº¥y nhiÃªu Ä‘Ã³ cÅ©ng Ä‘á»§ Ä‘á»ƒ nhiá»u ngÆ°á»i pháº£i há»c rá»“i. hai cÆ°ng tháº­t tuyá»‡t vá»i...thÆ°Æ¡ng  láº¯m luÃ´n:,1,2024-07-18T07:34:04Z,Y7UKIusPSF4
@themnguyen1377,"ChÃºc hai báº¡n luÃ´n máº¡nh khá»e háº¡nh phÃºc 
   Quá»‘c suy nghÄ© giá»‘ng nhÆ° nhá»¯ng ngÆ°á»i vá»£ , ngÆ°á»i máº¹ Ä‘ang chÄƒm sÃ³c cho cÃ¡c con",2,2024-07-17T16:13:42Z,Y7UKIusPSF4
@NgÃ¢nChi-o7o,TV,0,2024-07-17T14:55:56Z,Y7UKIusPSF4
@HaiNguyenThi-yu5ny,2 chÃ¡u  cÃ³ Ä‘á»«á»c nhÃ  nÆ°á»›c cÃ³ cÃ´ng nháº­n.Ä‘Äƒng kÃ½ káº¿t hÃ´n,1,2024-07-17T14:24:22Z,Y7UKIusPSF4
@HaiNguyenThi-yu5ny,Hai ngÆ°á»i Ä‘Ã n Ã´ng Ä‘á»“ng tÃ­nh thÃ¬ sanh Ä‘áº» nhÆ° tháº¿ nÃ o  xin cho biáº¿t .2 chÃ¡u cho biáº¿t,0,2024-07-17T14:18:29Z,Y7UKIusPSF4
@devildarkness8126,"nhá» ng mang thai há»™ hoáº·c nháº­n con nuÃ´i , thá»¥ tinh nhÃ¢n táº¡o áº¡ , miá»…n há» háº¡nh phÃºc lÃ  Ä‘Æ°á»£c rá»“i áº¡",0,2024-07-21T09:17:56Z,Y7UKIusPSF4
@sangvuong3679,Tuyá»‡t vá»i hpâ¤â¤â¤â¤â¤,1,2024-07-17T03:45:52Z,Y7UKIusPSF4
@thoapham9581,ChÃºc ba ThiÃªn tháº§n nhá» máº¡nh khá»e vui váº»  luÃ´n láº¡c quan vÃ  máº¡nh máº½,1,2024-07-17T02:16:12Z,Y7UKIusPSF4
@thoapham9581,ChÃºc gia Ä‘Ã¬nh nhá» cá»§a hai anh mÃ£i háº¡nh phÃºc nhÃ©,1,2024-07-17T02:13:22Z,Y7UKIusPSF4
@tinatina-trÆ°a,"mc tÃ¬nh cáº£m, dá»… thÆ°Æ¡ng quÃ¡, coi máº¥y táº­p rá»“i",1,2024-07-15T16:06:48Z,Y7UKIusPSF4
@ngoctran3104,Em tháº¥y anh Huy giá»i mÃ  anh Quá»‘c lo lÃ  Ä‘Ãºng anh Quá»‘c giá»‘ng ngÆ°á»i máº¹ tháº­t sá»± luÃ´n,1,2024-07-15T11:32:40Z,Y7UKIusPSF4
@ThuyTo-dm9si,Ã”i sao 2 ngÆ°á»i Ä‘á»“ng tÃ­nh láº¥y nhau láº¡i cÃ³ con nhá»‰ mn Æ¡i,0,2024-07-15T07:11:31Z,Y7UKIusPSF4
@devildarkness8126,"nhá» ng mang thai há»™ hoáº·c nháº­n con nuÃ´i , thá»¥ tinh nhÃ¢n táº¡o áº¡ , miá»…n há» háº¡nh phÃºc lÃ  Ä‘Æ°á»£c rá»“i áº¡",0,2024-07-21T09:18:36Z,Y7UKIusPSF4
@ngathai8042,Nhu váº­y do cÃ³ tráº» mo coiâ€¦,2,2024-07-15T06:45:47Z,Y7UKIusPSF4
@HienNguyen-fe7qb,â¤â¤â¤,0,2024-07-14T19:48:04Z,Y7UKIusPSF4
@mauaothi706,"ThÆ°Æ¡ng 2em vÃ´ cÃ¹ng 2em tháº­t HP ,2em ráº¥t quÃ¡ dá»… thÆ°Æ¡ng chÃºc 2em nhiá»u HP em nhÃ©,â¤â¤â¤â¤â¤",2,2024-07-14T13:53:54Z,Y7UKIusPSF4
@thophamhong1538,Hai ngÆ°á»i con trai Ä‘áº¹p trai quÃ¡ quÃ¡ luÃ´n cÆ°á»›i con gÃ¡i cÃ²n kg báº±ng,2,2024-07-14T13:45:30Z,Y7UKIusPSF4
@thuyngatranthi5798,chá»‰ chÃºc má»«ng cho 2 quáº£ hay quÃ¡ tuyá»‡t vá»i mÃ  trÃªn tuyá»‡t vá»i  ná»¯a 2 em giá» con nÃ o lá» chÆ¡ 3 con thÃ nh Ä‘áº¡t ok,1,2024-07-13T09:23:24Z,Y7UKIusPSF4
@PhuongHo-lx9so,ChÃºc má»«ng cáº·p Ä‘Ã´i HOÃ€N Háº¢O ! Tuyá»‡t vá»i quÃ¡ cÃ¡c báº¡n Æ¡i!,3,2024-07-13T08:35:18Z,Y7UKIusPSF4
@phamlan3731,KhÃ¹ng,0,2024-07-13T03:18:06Z,Y7UKIusPSF4
@devildarkness8126,"cÃ³ gÃ¬ Ä‘Ã¢u khÃ¹ng áº¡ ? há» khÃ¹ng mÃ  thÃ nh cÃ´ng nhÆ° váº­y thÃ¬ ai cÅ©ng khÃ¹ng theo áº¡? yÃªu má»™t ngÆ°á»i cÅ©ng lÃ  khÃ¹ng áº¡? má»—i ngÆ°á»i sinh ra cÃ³ quyá»n bÃ¬nh Ä‘áº³ng , cÃ´ng dÃ¢n , Ä‘Æ°á»£c yÃªu ,... mÃ  khÃ´ng ai cÃ³ thá»ƒ xÃ¢m pháº¡m áº¡",0,2024-07-21T09:21:34Z,Y7UKIusPSF4
@DuNguyen-ox1ki,Máº¥y chÃ¡u  giá»‘ng chÃ¡u  Huy o sai chá»• nÃ o.cÃ´ ChÃºc má»«ng  gia Ä‘Ã¬nh chÃ¡u mÃ£i mÃ£i  háº¡nh phÃºc  bÃªn nhau Ä‘áº¿n cuá»‘i  cuá»™c Ä‘á»i,3,2024-07-13T02:16:11Z,Y7UKIusPSF4
@NguyetTran-bb9cj,"Sao  em  khÃ´ng  khÃ´ng thuÃª  vÃº nuÃ´i  giá»¯ e bÃ©  cho bá»›t  cÆ°c. Má»™t  ngÆ°á»i  giá»¯  ,3 Ä‘á»©a  nhá»  cá»±c láº¯m...",2,2024-07-12T15:05:11Z,Y7UKIusPSF4
@liennguyenthi7867,MÃ¬nh khÃ´ng hiá»ƒu cÃ¡i cáº·p Ä‘Ã´i nÃ y lÃ  trai sao mÃ  cÃ³ con Ä‘Æ°á»£c,0,2024-07-12T13:16:36Z,Y7UKIusPSF4
@devildarkness8126,"nhá» ng mang thai há»™ hoáº·c nháº­n con nuÃ´i , thá»¥ tinh nhÃ¢n táº¡o áº¡ , miá»…n há» háº¡nh phÃºc lÃ  Ä‘Æ°á»£c rá»“i áº¡",0,2024-07-21T09:21:48Z,Y7UKIusPSF4
@vuongtrinh7142,Huy yeu quoc nhiáº¹u nhe nhin quoc hien lam,1,2024-07-12T12:42:22Z,Y7UKIusPSF4
@TrucHuynh-yx1cd,Chuc mung cho 2 e tram nam hanh phuc,2,2024-07-11T08:38:24Z,Y7UKIusPSF4
@UyenNguyen-qb6vh,Quá»‘c lÃ  ngÆ°á»i sá»‘ng ráº¥t ná»™i tÃ¢m.,1,2024-07-10T01:29:53Z,Y7UKIusPSF4
@thanhhuong1505,"TÃ¬nh cá» gáº·p kÃªnh nÃ y trÃªn YouTube  Ä‘ang cÃ³ chÆ°Æ¡ng trÃ¬nh  cá»§a Ä‘Ã´i báº¡n Quá»‘c -Huy ...tÃ´i Ä‘Ã£ Ä‘á»c gáº§n nhÆ° háº¿t bÃ¬nh luáº­n viáº¿t trÃªn trang nÃ y ..tÃ´i nghÄ© ráº±ng ngÆ°á»i  Vn chan chá»©a tÃ­nh thÆ°Æ¡ng giáº§u lÃ²ng vá»‹ tha , vÃ  cáº£m thÃ´ng sÃ¢u sáº¯c tháº­t tÃ¬nh ngÆ°á»i  
Cáº£m Æ¡n chÆ°Æ¡ng trÃ¬nh ğŸ‰ğŸ‰ğŸ‰ğŸ‰ğŸ‰ğŸ‰ğŸ‰ğŸ‰ğŸ‰ğŸ‰ğŸ‰ğŸ‰ğŸ‰ğŸ‰ğŸ‰ğŸ‰",6,2024-07-09T10:07:16Z,Y7UKIusPSF4
@banguyen4681,ğŸ˜…ğŸ˜Š,0,2024-07-06T22:14:25Z,Y7UKIusPSF4
@huebui1901,QuÃ¢n suy nghÄ©  nhÆ°  má»™t  ngÆ°á»i  máº¹  cÃ²n  huy lÃ£i  Ä‘Ãºng  tu  cÃ¡ch má»™t  ngÆ°á»i  chá»“ng  má»™t  ngÆ°á»i  Ä‘Ã n  Ã´ng  chÃ­nh  hiá»ƒu,1,2024-07-06T03:49:46Z,Y7UKIusPSF4
@haiphamthi247,ğŸ˜¢ğŸ˜¢ğŸ˜¢ğŸ˜¢ğŸ˜¢ğŸ˜¢ğŸ˜¢ğŸ˜¢,0,2024-07-04T07:26:44Z,Y7UKIusPSF4
@haiphamthi247,ThÆ°á»ng nhá»¯ng cáº·p Ä‘Ã´i Ä‘á»“ng tÃ­nh nam thÆ°á»ng ráº¥t giáº§u nhÃ©,1,2024-07-04T07:18:50Z,Y7UKIusPSF4
@HaiiNguen-wt5cv,Hai vá»£ chá»“ng cÃ³ cÃ¡i tÃªn Ä‘Ã£ tháº¥y gáº¯n káº¿t rá»“i. ChÃºc 2 em háº¡nh phÃºc,2,2024-07-03T13:26:46Z,Y7UKIusPSF4
@NÄƒmHoÃ ngThá»‹-l7n,Hai vá»£ chá»“ng chÃ¡u quÃ¡ tuyá»‡t vá»i CÃ´ chÃºc gia Ä‘Ã¬nh chÃ¡u trÄƒm nÄƒm háº¡nh phÃºc mÃ£i bÃªn nhau,3,2024-07-02T14:45:43Z,Y7UKIusPSF4
@giaphoang4966,Quay khaÌch mÆ¡Ì€i ko quay toaÌ€n quay MC,2,2024-07-02T06:57:09Z,Y7UKIusPSF4
@nguyentan6383,"Cháº³ng ra sao  ,,,",0,2024-07-01T23:51:51Z,Y7UKIusPSF4
@hoangxanh9214,â¤â¤â¤,0,2024-07-01T03:20:48Z,Y7UKIusPSF4
@tranhuong2991,2ng cÃ³ 3 con kiá»ƒu gÃ¬,0,2024-06-30T07:28:00Z,Y7UKIusPSF4
@devildarkness8126,Thá»¥ tinh nhÃ¢n táº¡o hoáº·c nháº­n con nuÃ´i hoáº·c nhá» ngÆ°á»i mang thai há»™ Ã¡ bÃ¡c,0,2024-07-01T05:15:15Z,Y7UKIusPSF4
@chikim5331,cáº·p Ä‘Ã´i ráº¥t Ä‘áº¹p vÃ  giá»i..Huy ráº¥t may máº¯n gáº·p Ä‘c Quá»‘c..e Quá»‘c ráº¥t tuyá»‡t vá»i má»™t ngÆ°á»i chu toÃ n Ä‘á»ƒ Huy yÃªn tÃ¢m lo cÃ´ng viá»‡c.. mÃ¬nh ráº¥t thÃ­ch xem cáº·p Ä‘Ã´i nÃ y..,1,2024-06-30T04:12:29Z,Y7UKIusPSF4
@2022C7,Bac.dang.thac.mAc .chau.mang.bau.hay.cac.chau.nhan.con.nuoi,0,2024-06-29T15:59:25Z,Y7UKIusPSF4
@devildarkness8126,"Dáº¡ , nháº­n con nuÃ´i hoáº·c nhá» ngÆ°á»i mang thai há»™ hoáº·c thá»¥ tinh nhÃ¢n táº¡o áº¥y áº¡",0,2024-07-01T05:16:41Z,Y7UKIusPSF4
@nguyenhung5881,Chá»‹ minh bÃ©o vÃ  anh tika @ hoÃ ng khÃ¢m bolero 6609 cÅ©ng sáº¯p Ä‘Ã¡m cÆ°á»›i rá»“i Ä‘áº¥y,0,2024-06-29T13:13:46Z,Y7UKIusPSF4
@khuydo1387,Sao khÃºc sau chá»‰ tháº¥y MC mÃ  ko tháº¥y máº·t khÃ¡ch má»i hay lÃ  chá»‰ dÃ nh riÃªng cho hai MC thÃ´i,2,2024-06-29T07:33:08Z,Y7UKIusPSF4
@khuydo1387,56:04 56:04,0,2024-06-29T07:30:49Z,Y7UKIusPSF4
@hoaang6004,2 em giá»i quÃ¡ cÃ³ hiáº¿u ná»¯a mÃ¬nh hÃ¢m má»™ quÃ¡ nhÃ¬n yÃªu 2 em quÃ¡ chÃºc 2 em hp nhÃ©,1,2024-06-28T15:41:45Z,Y7UKIusPSF4
@hoaang6004,2 em Ä‘áº¹p quÃ¡ chÃºc 2 em luÃ´n vv hp nhÃ©,1,2024-06-28T15:40:17Z,Y7UKIusPSF4
@AnhLÃª-i5e2d,2ong thuÃª ngÆ°á»i mang thai há»™,0,2024-06-28T14:40:35Z,Y7UKIusPSF4
@dobi4991,"3 Ä‘á»©a nhá» de thÆ°Æ¡ng quÃ¡ , co chÃºc gd 2 chÃ¡u sá»‘ng vui váº», háº¡nh phÃºc",1,2024-06-28T14:35:36Z,Y7UKIusPSF4
@Tháº£oNguyá»…nThá»‹-x1b,Truong quay nÃ y khÃ¡ch  thÃ¬ khÃ´ng lÃ  chinh mÃ  em si lÃ  chÃ­nh khÃ¡ch cháº£ quay máº¥y chá»‰ cÃ³ em si thÃ´i  khÃ¡ch lÃ  phá»¥ nhÃ©,0,2024-06-28T11:47:18Z,Y7UKIusPSF4
@quyensa4216,TrÃ² mÃ¨o má»­a...,0,2024-06-28T07:25:58Z,Y7UKIusPSF4
@ThongNguyen-db9ic,â¤â¤â¤â¤â¤â¤â¤â¤â¤â¤â¤â¤â¤â¤â¤â¤ğŸ‰ğŸ‰ğŸ‰ğŸ‰ğŸ‰,0,2024-06-28T06:07:57Z,Y7UKIusPSF4
@Thuy-he4sg,Huy lÃ  ngÆ°á»i miá»n trung váº­y á»Ÿ tá»‰nh nÃ o vÃ  Huy lÃ m gÃ¬ váº­y áº¡ ! Ráº¥t ngÆ°á»¡ng má»™ hai em nÃ y áº¡ !,1,2024-06-28T02:26:34Z,Y7UKIusPSF4
@HoaiNguyen-d4s8x,ChÃºc hai em trÄƒm nÄƒm háº¡nh phÃºc nhÃ© Quá»‘c cÃ³ má»™t táº¥m chÃ¢n tÃ¬nh quÃ¡ tuyá»‡t vá»i nhiá»u khi â¤ngÆ°á»i phá»¥ ná»¯ hÃ´ng hoÃ n háº£o nhÆ° quá»‘c dÃ¢u em biáº¿t chÃ¢n  trá»ng nhÃ ,2,2024-06-28T02:14:34Z,Y7UKIusPSF4
@HueHoang-vs2ev,"KhÃ¢m phá»¥c Ä‘Ã´i Ä‘á»“ng tÃ­nh
ChÃºc 2 con hp",2,2024-06-27T14:44:03Z,Y7UKIusPSF4
@Hanra_306,Hai Ä‘á»©a lÃ  nam gioi láº¥y nhau nhug quÃ¡ háº¡nh phÃºc quÃ¡ ráº» thuong thÃ´ng minh Ä‘áº¹p Ä‘áº½  vÃ  duyÃªn dÃ¡ng Ä‘Ã¡ng khÃ¢m phá»¥c. Nháº¥t lÃ  ba huy máº«u má»±c  nghiem tuc Ä‘á»‘i sá»­ tá»‘t vÃ³i má»i ngÆ°á»i t=on GD vÃ  xÃ£ há»™i,2,2024-06-27T10:02:09Z,Y7UKIusPSF4
@ThoaiDieb-d2l,ThÃ­ch cáº·p Ä‘Ã´i nÃ y thÃ­ch tÃ­nh cÃ¡ch máº¡nh máº½ biáº¿t kinh doanh kiáº¿m tiá»n giá»i cá»§a Huy vÃ  thÃ­ch tÃ­nh cÃ¡ch chÄƒm sÃ³c con cÃ¡i biáº¿t lo cho con cÃ¡i gia Ä‘Ã¬nh cá»§a Quá»‘c,4,2024-06-27T03:42:37Z,Y7UKIusPSF4
@HanhNguyen-jd9oz,Hai báº¡n lÃ  ngÆ°Æ¡Ì€i hiÃªÌ‰u biÃªÌt chuÌc gia Ä‘iÌ€nh baÌ£n haÌ£nh phuÌc,3,2024-06-27T00:15:00Z,Y7UKIusPSF4
@sinhbuithi5241,"Quá»‘c huy ,hai chÃ¡u mang hai chá»¯ tuyá»‡t vá»i,cÃ´ chÃºc ,hai chÃ¡u Ä‘áº¡i Ä‘áº¡i háº¡nh phÃºc,Ä‘Ã¢y lÃ  má»™t cáº·p Ä‘Ã´i ,Ä‘á»“ng tÃ¬nh luyáº¿n Ã¡i háº¡nh phÃºc tÆ°Æ¡ng lai con cá»§a cÃ¡c chÃ¡u nhá» nÃ³ ráº¥t tá»± hÃ o cÃ³ má»™t gia Ä‘Ã¬nh hoÃ n háº£o",1,2024-06-26T23:05:02Z,Y7UKIusPSF4
@nguyenthihongnguoi2265,Xáº¡o thÃ¬ cÃ³,0,2024-06-26T22:07:17Z,Y7UKIusPSF4
@thiruocdao4791,"Xáº¡o  sÃ¡o , con nuÃ´i Men lÃ m sao Ä‘áº» Ä‘Æ°á»£c,
Ná»• .",0,2024-06-26T15:02:55Z,Y7UKIusPSF4
@thuylethanh5564,2n lÃ n sao cÃ³ con Ä‘c,1,2024-06-26T13:15:12Z,Y7UKIusPSF4
@wildcat4701,Mang thai há»™. Há» láº¥y tinh trÃ¹ng cá»§a há» Ä‘em cáº¥y vÃ o ngÆ°á»i phá»¥ ná»¯ mang thai há»™ (tráº£ tiá»n Ä‘á»ƒ mang thai há»™),0,2024-06-29T07:40:21Z,Y7UKIusPSF4
@bientranvan9647,Cap Ä‘oi hanh phuc qua chuc mung cac ban,2,2024-06-25T14:05:42Z,Y7UKIusPSF4
@mysonglethi5953,ÄÃ¢y lÃ  má»™t cáº·p vá»£ chá»“ng  máº«u cá»§a ThiÃªn háº¡.QuÃ¡ tuyá»‡t vá»i. Mong vá»£ chá»“ng em chia sáº½ Ä‘á»ƒ má»i ngÆ°á»i hÆ°á»Ÿng kÃ© háº¡nh phÃºc nhÃ©,7,2024-06-25T13:27:31Z,Y7UKIusPSF4
@HuongPham-qz3nq,Huy cáº§n thÆ°Æ¡ng Quá»‘c nhiá»u hÆ¡n nuÃ´i con lÃ  má»™t hÃ nh trÃ¬nh lá»›n mÃ  Quá»‘c Ä‘Ã£ lÃ m Ä‘Æ°á»£c,1,2024-06-24T15:45:48Z,Y7UKIusPSF4
@Ldinh1993,"Hai ChÃ¡u  Q  & H ráº¥t Ä‘áº¹p Ä‘Ã´i , Ä‘á»u cÃ³ tri thá»©c  ThÃ¢n  chÃºc hai chÃ¡u  tÃ¬nh mÃ£i trÄƒm nÄƒm  ğŸ’",1,2024-06-24T03:03:33Z,Y7UKIusPSF4
@PhucNguyenphuc-lb9eg,ğŸª¢â™¥ï¸ğŸ‰ğŸ‰ğŸ‰,0,2024-06-23T13:01:20Z,Y7UKIusPSF4
@nam2cao139,ChÃºc 2 ngÆ°á»i mÃ£i mÃ£i háº¡nh phÃºc,1,2024-06-23T07:02:57Z,Y7UKIusPSF4
@Chiáº¿nTráº§n-r3s,"Huyquoc quÃ¡ Ä‘áº¹p Ä‘Ã´i 47:19 
á» onl",1,2024-06-22T07:57:22Z,Y7UKIusPSF4
@Chiáº¿nTráº§n-r3s,Huyquoc quÃ¡ Ä‘áº¹p Ä‘Ã´i,1,2024-06-22T07:56:07Z,Y7UKIusPSF4
@YenNguyen-tk5hi,Chá»‹ ráº¥t ngÆ°á»¡ng má»™ huy vÃ  quá»‘c ráº¥t nhiá»u Ä‘Ãºng lÃ  duyÃªn pháº­t trao cho 2 em gáº·p nhau quÃ¡ háº¡nh phÃºc. Cháº¯c cháº¯n xÃ£ há»™i nÃ y nhiá»u ngÆ°á»i ganh ti láº¯m â¤â¤â¤â¤â¤,2,2024-06-22T07:08:31Z,Y7UKIusPSF4
@mannyhoang969,xem 2e huy quá»‘c .cáº£m Ä‘á»™ng mÃ  vui cháº£y nÆ°á»›c máº¯t.thÃ¨m tÃ¬nh cáº£m 2e quÃ¡,4,2024-06-21T04:48:41Z,Y7UKIusPSF4
@mannyhoang969,xem nhiá»u láº§n kg chÃ¡n.cáº£m phá»¥c gia Ä‘Ã¬nh cá»§a 2em,5,2024-06-21T04:33:01Z,Y7UKIusPSF4
@mannyhoang969,thÃ­ch 2em .cÃ¡c e sá»‘ng háº¡nh phÃºc hÆ¡n .nhá»¯ng Ä‘Ã´i bÃ¬nh thÆ°á»ng.,1,2024-06-21T04:30:08Z,Y7UKIusPSF4
@mannyhoang969,cÃ¡c e háº¡nh phÃºc quÃ¡.kg quan trá»ng lÃ  pháº£i láº¥y ng khÃ¡c giá»›i.miá»…n lÃ  háº¡nh phÃºc thÆ°Æ¡ng nhau trá»n Ä‘á»i,1,2024-06-21T04:03:05Z,Y7UKIusPSF4
@HaLeThiThu-vv5it,GhÃª tá»Ÿm. Biáº¿n thÃ¡i,0,2024-06-21T00:17:15Z,Y7UKIusPSF4
@devildarkness8126,"Bá»n há» sá»‘ng Ä‘Ãºng vá»›i con ngÆ°á»i tháº­t sao láº¡i bá»‹ miá»‡t thá»‹ áº¡ , má»—i con ng sinh ra cÃ³ quyá»n bÃ¬nh Ä‘áº³ng , cÃ´ng dÃ¢n , háº¡nh phÃºc , há» cÃ³ lm j áº£nh hÆ°á»Ÿng Ä‘áº¿n xh hay vi pháº¡m tá»‡ náº¡n Ä‘Ã¢u mÃ  biáº¿n thÃ¡i , ghÃª tá»Ÿm , háº¡nh phÃºc lÃ  Ä‘c rá»“i lquan j Ä‘áº¿n giá»›i tÃ­nh",0,2024-06-21T14:51:11Z,Y7UKIusPSF4
@hauhohoang1739,Æ¯á»›c gÃ¬ mÃ¬nh Ä‘Æ°á»£c nhÆ° váº­y  chÃºc 2 ngÆ°á»i Ä‘Æ°á»£c nhiá»u háº¡nh phÃºc,1,2024-06-20T06:37:18Z,Y7UKIusPSF4
@ngocle4117,"Cáº£m Ä‘á»™ng quÃ¡ 2 con Æ¡i , lÃºc giáº­n há»n hoáº·c cáº£i váº£ nhau  Ä‘Ã³ lÃ  Ä‘iá»‡p khÃºc tÃ¬nh yÃªu , cÃ¡c con nhá»› nhÃ© , cÃ³ nhá»¯ng Ä‘iá»‡p khÃºc Ä‘Ã³ cÃ¡c con má»›i yÃªu nhau hÆ¡n vÃ  sáº½ háº¡nh phÃºc hÆ¡n ...thÆ°Æ¡ng cÃ¡c con .",39,2024-06-19T12:48:07Z,Y7UKIusPSF4
@anhaophan6405,â¤tuyá»‡tvÆ¡i CchsuÆ¡ichuc cÃ¡cchau vÆ°á»£t qua cÃ¹ng nhau sá»‘ng háº¡nh phÃºc nhÃ©,1,2024-11-04T23:07:56Z,Y7UKIusPSF4
@nhungho2511,Hai chÃ¡u thÃ¢t gá»i vÃ  ngyi lÆ°c Ä‘Ã£ vÆ°Æ¡t lÃªn moi ká»³ thi cá»§ xÃ£ hÃ´i cÃ³ hoc váº¥n cao gá»i kiáº¿m tiá»n nuÃ´icon thÃ¢t khÃ©o chÃºc hai chÃ¡u mm hanh phÃºc,1,2024-06-19T12:24:05Z,Y7UKIusPSF4
@ucNguyen-rm3ti,"Cháº¯u gÃ¡i dáº«n chÆ°Æ¡ng trÃ¬nh nÃ³i nhiá»u , hay cÆ°á»›p lá»i khÃ¡ch má»i ,nÃªn á»“n Ã o quÃ¡ !!!!!",1,2024-06-19T09:27:14Z,Y7UKIusPSF4
@buiemail8785,Náº¿u sau nÃ y cÃ¡c chÃ¡u lá»›n lÃªn chÃºng há»c vá» sinh lÃ½ há»c cháº¯c tá»¥i nÃ³ khÃ´ng hiá»ƒu luÃ´n tháº­t tá»™i nghiá»‡p quÃ¡,0,2024-06-19T01:31:29Z,Y7UKIusPSF4
@devildarkness8126,"Báº¡n Æ¡i , con cá»§a há» cÃ³ hiá»ƒu biáº¿t hay khÃ´ng thÃ¬ tá»± há»c vÃ  tá»± tá»¥i nÃ³ sáº½ bt báº¡n k pháº£i ng quyáº¿t Ä‘á»‹nh tÆ°Æ¡ng lai Ä‘á»©a tráº» Ä‘Ã³ sao ntn,  lm sao bt cháº¯c cháº¯n Ä‘c áº¡ miá»…n cÃ¡c con Ä‘Æ°á»£c hp vÃ  phÃ¡t triá»ƒn Ä‘c rá»“i , há»c vÃ  hiá»ƒu hay k thÃ¬ tá»± gÄ‘ ng ta bt áº¡",0,2024-06-29T11:50:35Z,Y7UKIusPSF4
@vypham8820,Pháº£i cÃ³ Ä‘Ã n bÃ  mang Thai há»™ chá»© Hai Ä‘Ã n Ã´ng lÃ m sao mang thai dÃ¹ cÃ³ tiá»n nÃ³i thÃ¬ cÅ©ng pháº£i nÃ³i cho rÃµ rÃ ng,0,2024-06-19T01:15:32Z,Y7UKIusPSF4
@koreakorea8728,ChÃºc gia Ä‘Ã¬nh 2 em háº¡nh phÃºc mÃ£i mÃ£i â¤â¤â¤â¤â¤â¤,1,2024-06-18T16:29:44Z,Y7UKIusPSF4
@quyenkim9470,CÅ©ng lÃ  má»™t gia Ä‘Ã¬nh háº¡nh phÃºc Ä‘Ã³ thÃ´i gia Ä‘Ã¬nh nhá» Ä‘Ã¡ng iu â¤â¤â¤â¤â¤tháº£ tim cho 5 thÃ nh viÃªn náº§y nhÃ©,3,2024-06-18T09:57:23Z,Y7UKIusPSF4
@phiyendinh5186,"ADIÄÃ€PHÃ‚T. 
PY rÃ¢t nguÅ‘ng mÃ´ cÄƒp Ä‘Ã´i nÃ y. VÃ¬ hai nguÃ²i yÃ«u nhau trong sÅ³ thÃ´ng Minh vÃ  hiÃªu thuÃ¢n. CÃ´ chÃºc Hai chÃ¡u trÄƒm nÄƒm hÄ…nh PhÃºc vÃ  luÃ´n gÄƒp moi Ä‘iÃªu an lÃ nh vÃ  ThÃ nh Ä‘Ä…t.",1,2024-06-18T09:27:55Z,Y7UKIusPSF4
@dieple5138,Coi mÃ  ngÆ°á»¡ng má»™ vÃ´ cÃ¹ng,1,2024-06-18T08:00:48Z,Y7UKIusPSF4
@dieple5138,Chá»‹ tháº¥y cÃ¹ng phÃ¡i cÃ²n háº¡nh phÃºc hÆ¡n cÃ¡c cáº·p vá»£ chá»“ng bÃ¬nh thÆ°á»ng quÃ¡ tuyá»‡t vá»i,1,2024-06-18T07:59:44Z,Y7UKIusPSF4
@vanphanthituyet4475,Dang og mag báº§u Ä‘c háº£ má»i ngÆ°á»i,0,2024-06-18T04:45:30Z,Y7UKIusPSF4
@devildarkness8126,"CÃ³ thá»ƒ thá»¥ tinh nhÃ¢n táº¡o hoáº·c nháº­n con nuÃ´i hoáº·c nhá» ng mang thai há»™ Ã¡ , miá»…n há» hp lÃ  Ä‘c r áº¡",0,2024-06-18T06:46:48Z,Y7UKIusPSF4
@hiepdoanvan9185,6qv,0,2024-06-18T03:26:33Z,Y7UKIusPSF4
@thihongtran7636,ChÃºc má»«ng 2 chÃ¡u chÃºc 2 chÃ¡u vÃ  cÃ¡c bÃ© luÃ´n háº¡nh phÃºc trÃ n ngáº­p niá»m vui Hay quÃ¡ CÃ´ ráº¥t ngÆ°á»¡ng má»™ 2 chÃ¡u,1,2024-06-18T03:08:41Z,Y7UKIusPSF4
@ComeOutLGBTVietnam_MCV,cáº£m Æ¡n cÃ´ Ä‘Ã£ theo dÃµi video áº¡,0,2024-06-18T03:10:10Z,Y7UKIusPSF4
@cun_con_,Huy nay gom pháº¿t,0,2024-06-18T02:29:35Z,Y7UKIusPSF4
@kimcuongtran6589,"CÃ³ tá»‘t cá»¡ nÃ o, cÅ©ng tháº¥y ghÃª!",1,2024-06-18T01:03:49Z,Y7UKIusPSF4
@ThuyNguyen-eu7mz,ChÃºc hai  báº¡n  háº¡nh phÃºc,1,2024-06-18T00:19:12Z,Y7UKIusPSF4
@TuyÃªnVÅ©-s7l,Gia Ä‘Ã¬nh cÃ¡c báº¡n tháº­t háº¡nh phÃºc xin chÃºc má»«ng,1,2024-06-17T15:39:04Z,Y7UKIusPSF4
@trungcao3288,ChÃºc 2 e trÄƒm nÄƒm hp,1,2024-06-17T14:29:39Z,Y7UKIusPSF4
@oLinh-fe5lc,Ve tuomg lai chac khong don gian,0,2024-06-17T14:03:43Z,Y7UKIusPSF4
@tamtrinh8844,Láº¥y nhau thÃ¬ lÃ m sao Ä‘áº» Ä‘Æ°á»£c nhá»‰ khÃ³ hiá»ƒu quÃ¡,0,2024-06-17T11:30:37Z,Y7UKIusPSF4
@devildarkness8126,"CÃ³ thá»ƒ thá»¥ tinh nhÃ¢n táº¡o , nháº­n con nuÃ´i , nhá» ng mang thai há»™ áº¡ , miá»…n há» hp vÃ  Ä‘c lÃ  chÃ­nh mÃ¬nh thÃ nh cÃ´ng lÃ  Ä‘c r áº¡ k qtrong pháº£i cÃ³ con cÃ¡i má»›i hp Ä‘c áº¡",0,2024-06-17T11:35:47Z,Y7UKIusPSF4
@plendi1445,hÃ¬nh nhÆ° anh Huy bÃªn tik tok nÃ³i vá» phong thá»§y thÃ¬ pháº£i,0,2024-06-17T10:48:06Z,Y7UKIusPSF4
@midukuto,Cáº·p Ä‘Ã´i huy quá»‘c vÃ  cáº·p Ä‘Ã´i mc cÅ©ng quÃ¡ hoÃ n háº£oâ¤â¤â¤â¤â¤,1,2024-06-17T10:24:06Z,Y7UKIusPSF4
@VuongNguyen-vb6ig,ÄÃ¡ng yÃªu quÃ¡ cáº·p vá»£ chá»“ng ráº¥t LÃ  Ä‘áº¹p Ä‘Ã´i nhÆ°ng mÃ  lÃ  ai mang báº§u,2,2024-06-17T09:17:13Z,Y7UKIusPSF4
@wildcat4701,Hai ngÆ°á»i nÃ y láº¥y tinh trÃ¹ng cá»§a há» Ä‘em Ä‘i cáº¥y ghÃ©p vÃ o 1 ngÆ°á»i phá»¥ ná»¯ mang báº§u thuÃª Ä‘áº¥y báº¡n,0,2024-06-29T07:15:29Z,Y7UKIusPSF4
@VuongNguyen-vb6ig,TÃ´i há»i má»™t chÃºt,0,2024-06-17T09:13:53Z,Y7UKIusPSF4
@nhovuong2191,"VN  mÃ¬nh  cÃ³  cÃ¡i  nhÃ¬n rá»™ng  má»Ÿ   má»«ng  cho  cÃ¡c  báº¡n, ChÃºc  g/Ä‘    sá»©c khoáº»  háº¡nh phÃºc",2,2024-06-17T08:52:47Z,Y7UKIusPSF4
@MeoMeo-ji1ou,Hay ho gÃ¬ mÃ  lÃªn máº¡ng tá»± hÃ o,1,2024-06-17T08:31:57Z,Y7UKIusPSF4
@devildarkness8126,"ÄÃºng lÃ  lgbt k cÃ³ j Ä‘Ã¡ng tá»± hÃ o cáº£ báº¡n áº¡ , vÃ¬ há» lÃ  nhÆ°ng con ng bth nhÆ°ng mÃ  váº«n cÃ³ má»™t sá»‘ ng kÃ¬ thá»‹ tÃ¬nh yÃªu bth áº¥y thÃ´i , kÃªnh nÃ y lÃ  kÃªnh come out mÃ  báº¡n , há» khen vÃ¬ há» Ä‘Ã£ thÃ nh cÃ´ng vÃ  bÃ¡o hiáº¿u cho ba máº¹ , cÅ©ng cÃ³ máº¥y kÃªnh quay vá» tÃ¬nh yÃªu áº¥y áº¡ nhiá»u láº¯m áº¡ , mÃ  cÃ³ thá»ƒ há» tá»± hÃ o vÃ¬ há» Ä‘Ã£ sá»‘ng vá»›i chÃ­nh mÃ¬nh bá» Ä‘i lá»i miá»‡t thá»‹ cá»§a xh áº¥y áº¡ , nhÆ°ng mÃ  k cÃ³ trÃªn video k nÃ³i nÃ³ lÃ  chuyá»‡n Ä‘Ã¡ng tá»± hÃ o vÃ  pháº£i TÃ´n vinh nÃ³ Ä‘Ã¢u áº¡",2,2024-06-17T11:32:03Z,Y7UKIusPSF4
@MisonMao,Biáº¿t bÃ¡o hiáº¿u lÃ  giá»i láº¯m luÃ´n â¤,2,2024-06-17T06:18:17Z,Y7UKIusPSF4
@huethanh3390,Thuong cap Quoc - Huy nay qua,1,2024-06-17T03:50:35Z,Y7UKIusPSF4
@huethanh3390,Thuong cap Quoc - Huy nay qua,2,2024-06-17T03:50:26Z,Y7UKIusPSF4
@lehuong1478,"Bayy gio cÃ³ thÃª nÃ o di nua thÃ¬ cung chang dÃºng voi nhung gÃ¬ le tu nhiÃªn , lÃ  vo chÃ´ng phÃ¥i lÃ  1 nam 1 mÃ´t nu,con vÃ¢t cung phÃ¥i 1 duc 1cai,boi vÃ¢y thÃª gioi roi vÃ o loan cÃ o cÃ o,mÃ¢t bÃ¬nh an vÃ¬ nhung cuÃ´c sÃ´ng ......",0,2024-06-16T18:22:19Z,Y7UKIusPSF4
@QuocLeMinh-wd9hr,"NÃªn tÃ¬m hiá»ƒu thÃªm kiáº¿n thá»©c áº¡, cÃ²n khÃ´ng mÃ¬nh Ä‘á»«ng phÃ¡n, kÃ¬ láº¯m!",0,2024-06-17T02:25:40Z,Y7UKIusPSF4
@annaphan5166,ChÃºc cÃ¡c con háº¡nh phÃºc mÃ£i mÃ£i,2,2024-06-16T17:48:39Z,Y7UKIusPSF4
@minhtruong8736,CÃ´ MC Ä‘Ã³ng vai khÃ³c cÅ©ng khÃ©o láº¯m Ä‘Ã³ ğŸ˜¢ğŸ˜‚ nÆ°á»›c máº¯t thiá»‡t khÃ´ng.,2,2024-06-16T13:38:55Z,Y7UKIusPSF4
@thoatruong4989,"CÃ´ MC dá»… thÆ°Æ¡ng, nhÆ°ng chÃº MC khÃ´ng thÃ­ch há»£p",0,2024-11-01T08:29:26Z,Y7UKIusPSF4
@Ngá»±NguyÃªn-m9p,Cáº£m Æ¡n hai báº¡n Hai báº¡n cÃ³ nghá»‹ lá»±c ráº¥t tuyá»‡t vá»i ChÃºc hai báº¡n luÃ´n luÃ´n háº¡nh phÃºc,15,2024-06-16T11:04:05Z,Y7UKIusPSF4
@DuNguyen-ox1ki,Máº¥y bÃ© giá»‘ng Ã½ chÃ¡u Huy nhÆ° Ä‘Ãºc,3,2024-06-16T10:58:33Z,Y7UKIusPSF4
@MaiHuá»³nh-l3c,â¤â¤â¤â¤â¤â¤â¤â¤â¤â¤â¤â¤â¤â¤ğŸ˜‚,0,2024-06-16T09:22:55Z,Y7UKIusPSF4
@phuongthaochannel4819,Trang pháº¡m  sinh quÃ¡,0,2024-06-16T08:41:32Z,Y7UKIusPSF4
@HoaPham-s9w,Quoc oi co mong con hay co mot Ä‘ua con rieng cua minh Ä‘i nhe con co chuc hai con tram nam hanh phuc nhe,2,2024-06-16T07:46:07Z,Y7UKIusPSF4
@DungNguyen-py1nh,ğŸ‰ğŸ‰ğŸ‰ğŸ‰ğŸ‰ğŸ‰ğŸ‰ğŸ‰ğŸ‰ğŸ‰ğŸ‰ğŸ‰ğŸ‰ğŸ‰,0,2024-06-16T06:54:13Z,Y7UKIusPSF4
@truongmamnontuongvy3260,"Ai nÃ³i Ä‘á»“ng tÃ­nh ko cÃ³ háº¡nh phÃºc , má»›i Ä‘Ã³ mÃ  cÃ³ 3 Ä‘á»©a con rá»“i , quÃ¡
háº¡nh phÃºc , Quá»‘c ráº¥t dá»ƒ thÆ°Æ¡ng , Huy ráº¥t may máº¯n cÃ³ Ä‘c Quá»‘c Ä‘á»“ng hÃ nh",56,2024-06-16T06:28:37Z,Y7UKIusPSF4
@RobloxRoblox-fc4ci,ğŸ˜ŠğŸ˜ŠğŸ˜ŠğŸ˜ŠğŸ˜ŠğŸ˜ŠğŸ˜ŠğŸ˜ŠğŸ˜ŠğŸ˜ŠğŸ˜ŠğŸ˜ŠğŸ˜ŠğŸ˜ŠğŸ˜ŠğŸ˜ŠğŸ˜ŠğŸ˜ŠğŸ˜ŠğŸ˜Š,3,2024-06-26T15:25:29Z,Y7UKIusPSF4
@tinapiliouras4103,I suggest you have a look at their past history videos and you will see that the big guy had girlfriends whilst with the younger man etc the children are b8g guys not his partners,1,2024-10-24T03:57:00Z,Y7UKIusPSF4
@dainguyen1357,@tinapiliouras4103khÃ´ng pháº£i con cá»§a Quá»‘c nhÆ°ng Quá»‘c chÄƒm dáº¡y ráº¥t tá»‘t vÃ  thÆ°Æ¡ng yÃªu nhÆ° con cá»§a mÃ¬nh,0,2025-09-02T13:13:07Z,Y7UKIusPSF4
@muinguyenthi3829,"ChÃºc má»«ng hai chÃ¡u cÃ³ má»™t tá»• áº¥m,g Ä‘  tháº­t áº¥m Ã¡p, háº¡nh phÃºc trÃ n Ä‘áº§y cÃ¹ng ba chÃ¡u nhá» hay Äƒn mau lá»›n***!!!.",21,2024-06-16T06:04:30Z,Y7UKIusPSF4
@minhlytranthi4407,CÅ©ng pháº£i nhá» phá»¥ ná»¯ chá»© Ä‘Ã n Ã´ng vá»›i Ä‘Ã n Ã´ng thÃ¬ lÃ m chi cÃ³.,1,2024-06-16T05:48:35Z,Y7UKIusPSF4
@wildcat4701,ThÃ¬ há» láº¥y tinh trÃ¹ng cá»§a há» cáº¥y ghÃ©p vÃ o ngÆ°á»i phá»¥ ná»¯ mang thai thuÃª Ä‘Ã³ báº¡n,0,2024-06-29T07:16:56Z,Y7UKIusPSF4
@jacobnguyen7344,Ban nam qua dong huá»³nh nháº¡t Qua ğŸ‘,1,2024-06-16T03:32:12Z,Y7UKIusPSF4
@meovic5478,Fb 2ng lÃ  gÃ¬ cho xin vá»›i â¤,0,2024-06-16T03:31:36Z,Y7UKIusPSF4
@meovic5478,NhÃ¬n Huy tháº¥y giá»‘ng giÃ³ng tháº§y PhÃ¡p HoÃ .. cÃ³ bÃ  con ko ta ğŸ˜…,2,2024-06-16T03:21:39Z,Y7UKIusPSF4
@truongailoc2842,Huy lÃ  ngÆ°Æ¡i Ä‘an Ã´g tuyÃªt vÆ¡i..chu toÃ n  trog ngoÃ i.tÃ³m lai  chi biÃªt nÃ³i cÃ¢u tuyÃªt vÆ¡i quÃ¡..,2,2024-06-16T02:32:20Z,Y7UKIusPSF4
@hanhhong513,â¤â¤ yÃªu cáº·p Ä‘Ã´i quÃ¡ trá»i luÃ´n!chá»‹ lÃ  ngÆ°á»i con gÃ¡i bÃ¬nh thÆ°á»ng mÃ  quÃ¡ ngÆ°á»¡ng má»™ hp cá»§a GÄ 2 em chÃºc GÄ em hpâ¤â¤â¤â¤â¤,12,2024-06-16T01:11:58Z,Y7UKIusPSF4
@NgocXuanDo,Quá»‘c lÃ  ngÆ°á»i biáº¿t suy nghÄ© . hiá»n lÃ nh vÃ  chu Ä‘Ã¡o. ChÃºc hai em mÃ£i mÃ£i háº¡nh phÃºc â¤â¤â¤,65,2024-06-15T15:31:09Z,Y7UKIusPSF4
@khamai6199,"Cap doi o trong cong dong minh chi co cap doi nay lau dai rat la hay huy & quoc ,noi chung toi gap cap doi dau tien la da thay de thuong",2,2024-06-15T15:17:41Z,Y7UKIusPSF4
@VuongMinh-i6p,NÃ³i chung lÃ  duyÃªn pháº­n trá»i sáº¯p Ä‘áº·t chá»© thá»±c sá»± lÃ  hai ngÆ°á»i Ä‘Ã n Ã´ng yÃªu thÆ°Æ¡ng nhÆ° vá»£ chá»“ng thÃ¬ thá»±c sá»± hiáº¿m cÃ³ quÃ¡ quan trá»ng lÃ  há» cÃ³ sá»± rung Ä‘á»™ng chÃºc phÃºc hai eâ¤â¤,16,2024-06-15T14:12:25Z,Y7UKIusPSF4
@cuongnguyen6609,Hai Ä‘á»©a Ä‘á»u Ä‘áº¹p quÃ¡ trá»i,2,2024-06-15T13:25:40Z,Y7UKIusPSF4
@chubimonhanho9780,cho mÃ¬nh há»i ai lÃ  ngÆ°á»i mang thai e bÃ© váº­y má»i ngÆ°á»i,0,2024-06-15T12:27:32Z,Y7UKIusPSF4
@tranhongtieuvy269,thuÃª ngÆ°á»i mang thai há»™,0,2024-06-15T17:18:52Z,Y7UKIusPSF4
@kimanhduongthi929,"BÃ¡i phá»¥c hai báº¡n quÃ¡ giá»i , tháº­t háº¡nh phÃºc khi cÃ³ 3 thiÃªn tháº§n yÃªu quÃ¡.",17,2024-06-15T09:59:51Z,Y7UKIusPSF4
@user-os8wl4cg5uvien,Quá»‘c nghÄ© nhÆ° váº­y ráº¥t Ä‘Ãºng,2,2024-06-15T09:48:07Z,Y7UKIusPSF4
@user-os8wl4cg5uvien,Huy Æ¡i lÃªn Ä‘Ã¢y nÃ³i mÃ¡ váº­y liá»‡u há»“n nghe con,0,2024-06-15T09:43:23Z,Y7UKIusPSF4
@NuNguyen-jx8om,Chuc hai chau hanh phuc mai mai,2,2024-06-15T09:28:39Z,Y7UKIusPSF4
@NuNguyen-jx8om,Chuc hai chau hanh phuc mai mai moi nguoi phai hoc tap vo chong vhau,2,2024-06-15T09:27:30Z,Y7UKIusPSF4
@NuNguyen-jx8om,Quoc no la dung la giu hanh phuc vua ba con,2,2024-06-15T09:17:51Z,Y7UKIusPSF4
@NuNguyen-jx8om,Vo chong thuc su thi phai trong vao ba con la con dong mau cua huy,0,2024-06-15T09:15:56Z,Y7UKIusPSF4
@NuNguyen-jx8om,Hai ban phai ket hon,1,2024-06-15T09:13:35Z,Y7UKIusPSF4
@thimongo3084,Ai mang báº§u gÃºp hai ngÆ°á»i Ä‘Ã n Ã´ng,1,2024-06-15T08:24:40Z,Y7UKIusPSF4
@wildcat4701,"CÃ³ tiá»n thÃ¬ cÃ³ thiáº¿u gÃ¬ ngÆ°á»i mang thai há»™ báº¡n Æ¡i. Nháº¥t lÃ  nhá»¯ng ngÆ°á»i cÃ³ hoÃ n cáº£nh khÃ³ khÄƒn, cÃ³ 1 sá»‘ tiá»n lÃ m vá»‘n thÃ¬ há» lÃ m ngay thÃ´i",1,2024-06-29T07:48:57Z,Y7UKIusPSF4
@KhÃ¡nhPhÆ°Æ¡ng-p5r,Hai máº£nh ghÃ©p Quá»‘c vÃ  Huy láº¡i ghÃ©p Ä‘c vÃ o Quá»‘c Huy DT sao.?,2,2024-06-15T07:20:08Z,Y7UKIusPSF4
@KhÃ¡nhPhÆ°Æ¡ng-p5r,"Tháº­t Ä‘Ã¡ng chÃ¢n quÃ½ 2 chÃ¡u ráº¥t Ä‘áº¹p Ä‘Ã´i, mÃ  láº¡i sinh Ä‘c con má»›i lÃ  quÃ¡ hiáº¿m . Pháº£i Ä‘i (cáº¥y ghÃ©p)  vÃ o 1 trong 2 ngÆ°á»i  má»›i cÃ³ thá»ƒ sinh Ä‘c con qua cÆ¡ thá»ƒ mÃ¬nh chÄƒng.? ChÃºc má»«ng nhÃ©.",8,2024-06-15T07:17:34Z,Y7UKIusPSF4
@wildcat4701,Cáº¥y ghÃ©p vÃ o ngÆ°á»i phá»¥ ná»¯ mang thai há»™ chá»© cÃ³ pháº£i cáº¥y ghÃ©p vÃ o há» Ä‘Ã¢u báº¡n ğŸ˜‚ há» lÃ  trai 100% thÃ¬ cÃ³ buá»“ng trá»©ng Ä‘Ã¢u mÃ  sinh con ğŸ˜‚ğŸ˜‚ğŸ˜‚ğŸ˜‚,0,2024-06-29T07:04:16Z,Y7UKIusPSF4
@KiemVo-f3w,NÃ³i khg tin ná»•i. Nghe tiáº¿ng nÃ³i lÃ  nam  lÃ m gÃ¬ cÃ³ chuyá»‡n thu tinh Ä‘Æ°á»£c.,1,2024-06-15T04:19:17Z,Y7UKIusPSF4
@wildcat4701,ThÃ¬ thuÃª ngÆ°á»i phá»¥ ná»¯ mang thai há»™ ğŸ˜‚ há» láº¥y tinh trÃ¹ng cá»§a há» Ä‘em cáº¥y ghÃ©p vÃ o ngÆ°á»i phá»¥ ná»¯ mang thai há»™ ğŸ˜‚ğŸ˜‚ğŸ˜‚,0,2024-06-29T07:41:44Z,Y7UKIusPSF4
@ainguyen6126,háº¡nh phÃºc lÃ  khÃ´ng hÆ¡n thua mÃ  pháº£i biáº¿t nhuÃ²ng nhá»‹n  tha thá»© bá» qua  Ä‘Ã³ lÃ  tá»‘t Ä‘áº¹p má»™t cÃ¡u nhá»‹n 9 cÃ¡u lÃ nh,24,2024-06-15T01:59:23Z,Y7UKIusPSF4
@17è£¸è¾æ—…è¡Œç‰ˆ,NÃ³i lÃ¡o vá»«a pháº£i thÃ´i mÃ¢y Ã´. Æ i nÃ³i Ä‘Ãª cho há» tin Ä‘ang nÃ y k thÃª tin Ä‘uoc,0,2024-06-15T01:54:07Z,Y7UKIusPSF4
@binhthanh5975,"Hay nhá»‰, ÄÃ n Ã”ng MÃ  CÅ©ng CÃ³ Chá»©c nÄƒng Buá»“ng Trá»©ng rá»“i Sinh Con. Tháº¥y HÆ¡i Lá»±c CÆ°á»i",0,2024-06-15T01:32:49Z,Y7UKIusPSF4
@devildarkness8126,"Báº¡n cÃ³ thá»ƒ tra gg Ã¡ , mÃ¬nh tháº¥y cÃ³ vÃ i trÆ°á»ng há»£p v r Ã¡ báº¡n",0,2024-06-15T02:25:20Z,Y7UKIusPSF4
@LUCKY_HAPPY,Há»c háº¿t 12 ko váº­y ?,0,2024-06-17T07:21:37Z,Y7UKIusPSF4
@wildcat4701,Há» khÃ´ng sinh con nhe báº¡n. Há» lÃ  con trai 100% thÃ¬ buá»“ng trá»©ng Ä‘Ã¢u mÃ  mang thai ğŸ˜‚ğŸ˜‚ há» láº¥y tinh trÃ¹ng cá»§a há» Ä‘em thá»¥ thai nhÃ¢n táº¡o vÃ o 1 ngÆ°á»i phá»¥ ná»¯ mang thai há»™ ( tráº£ tiá»n cho mang thai hÃ´) Ä‘áº¿n Ä‘Ã¢y báº¡n Ä‘Ã£ hiá»ƒu chÆ°a? ğŸ˜‚ğŸ˜‚ğŸ˜‚ğŸ˜‚,0,2024-06-29T07:34:44Z,Y7UKIusPSF4
@huongpham-kv8nh,Theo em nghÄ© lÃ  há» láº¥y tinh trÃ¹ng Ä‘áº·t vÃ o cá»­a mÃ¬nh cá»§a ngÆ°á»i ná»¯ mang thai há»™ ğŸ™,0,2024-07-12T06:18:00Z,Y7UKIusPSF4
@thidang3093,ADÄP hai em Ä‘áº¹p Ä‘Ã´i Ä‘áº¥y Huy Ä‘á»«ng phá»¥ báº¡c Quá»‘c Â·Quá»‘c lÃ  nÃ³c nhÃ  cá»§a gia Ä‘Ã¬nh nhá» â¤â¤â¤ADÄP chÃºc hai em sá»‘ng trÄƒm nÄƒm háº¡nh phÃºc,9,2024-06-15T01:06:58Z,Y7UKIusPSF4
@nunguyenthi1093,TrÃªn cáº£ tuyá»‡t vá»i em oi chi chÃºc má»«ng 2 em chÃºc 3 chau hay Äƒn chÃ³ng lá»›n nhe,8,2024-06-15T00:04:43Z,Y7UKIusPSF4
@haong2470,"Nhá» MC lÃ m cÃ¡i tÃ³c quÃ¡ quÃª mÃ¹a, xáº¥u bÃ  cá»‘ !",0,2024-06-14T21:37:03Z,Y7UKIusPSF4
@mylenguyen5221,DÃ¹ á»Ÿ giá»›i tÃ­nh nÃ o miá»…n lÃ  cÃ³ tÃ i cÃ³ Ä‘á»©c vÃ  nháº¥t lÃ  cÃ³ háº¡nh phÃºc â¤â¤ lÃ  ğŸ‘ğŸ‘ğŸ‘ğŸ‘ğŸŒ¹ğŸŒ¹,25,2024-06-14T18:15:37Z,Y7UKIusPSF4
@HangNguyenthi-vq5bs,ğŸ˜Š    FğŸ˜ŠğŸ˜ŠğŸ˜Š ğŸ˜Š,0,2024-07-13T01:11:42Z,Y7UKIusPSF4
@simnguyenthi671,"NgÆ°á»¡ng má»™ cáº·p Ä‘Ã´i nÃ y quÃ¡ , há» tháº­t sá»± giá»i giang vÃ  háº¡nh phÃºc â¤â¤",39,2024-06-14T17:05:04Z,Y7UKIusPSF4
@simnguyenthi671,"Hai chÃ¡u Ä‘áº¹p trai giá»i giang nháº¥t cá»™ng Ä‘á»“ng , tháº­t ngÆ°á»¡ng má»™ 2 chÃ¡u, chÃºc Ä‘áº¡i gia Ä‘Ã¬nh 2 chÃ¡u nhiá»u SK bÃ¬nh an vÃ  HP â¤ï¸â¤ï¸",18,2024-06-14T16:39:58Z,Y7UKIusPSF4
@ê¹€ì¢…ì›-x5x,Cáº·p nÃ y Ä‘áº¹p Ä‘Ã´i dá»… thÆ°Æ¡ng ghÃª,3,2024-06-14T13:26:48Z,Y7UKIusPSF4
@TuNguyen-ws5to,Sao khÃ´ng tháº¥y máº·t mÅ©i gi háº¿t,0,2024-06-14T12:22:29Z,Y7UKIusPSF4
@Tam-u3s,"MÃ¬nh khÃ´ng hiá»ƒu gÃ¬ háº¿t má»i ngÆ°á»i Æ¡i! CÃ³ ai giáº£i thÃ­ch?Con nuÃ´i,hay lÃ  nhá» ngÆ°á»i mang thai há»™,cÅ©ng khÃ´ng thá»ƒ Ä‘Æ°á»£c .
Cháº¯c cÃ³ má»™t ngá»«oi lÃ  gÃ¡i pháº£i khÃ´ng , cÃ²n Ä‘iá»u náº§y ná»¯a nhá» chÆ°Æ¡ng trÃ¬nh giáº£i thÃ­ch LGBT lÃ  nghÄ©a gÃ¬? CÃ³ thá»ƒ cho biáº¿t rÃµ.",0,2024-06-14T05:37:40Z,Y7UKIusPSF4
@devildarkness8126,"Ã€ ok Ä‘á»ƒ mÃ¬nh giáº£i thÃ­ch cho áº¡ , lgbt Ä‘c hiá»ƒu sÆ¡ lÃ  Ä‘á»“ng tÃ­nh Ã¡ báº¡n , nam yÃªu nam , ná»¯ yÃªu ná»¯ , há» sinh con báº±ng thá»¥ tinh nhÃ¢n táº¡o báº¡n tra gg Ä‘á»ƒ hiá»ƒu hÆ¡n nhe, hoáº·c nhá» ng mang thai há»™ hoáº·c nháº­n con nuÃ´i áº¡ , nÃ³i chung thÃ¬ miá»…n há» háº¡nh phÃºc lÃ  Ä‘c báº¡n áº¡ k áº£nh hÆ°á»Ÿng j háº¿t Ã¡ báº¡n",2,2024-06-14T08:43:29Z,Y7UKIusPSF4
@AnhNguyen-y2c6g,"â€‹@devildarkness8126<a href=""https://www.youtube.com/watch?v=Y7UKIusPSF4&amp;t=3281"">54:41</a> <a href=""https://www.youtube.com/watch?v=Y7UKIusPSF4&amp;t=3283"">54:43</a>",0,2024-06-28T06:40:26Z,Y7UKIusPSF4
@wildcat4701,"ÄÃ¢u cÃ³ gÃ¬ khÃ³ Ä‘Ã¢u báº¡n. CÃ³ tiá»n lÃ  Ä‘Æ°á»£c. Há» thuÃª ngÆ°á»i phá»¥ ná»¯ mang thai há»™, há» láº¥y tinh trÃ¹ng cá»§a há» Ä‘em cáº¥y ghÃ©p vÃ o ngÆ°á»i phá»¥ ná»¯ mang thai há»™ lÃ  cÃ³ con thÃ´iğŸ˜‚ğŸ˜‚ğŸ˜‚ tráº£ cho ngÆ°á»i phá»¥ ná»¯ Ä‘Ã³ 1 sá»‘ tiá»n lÃ  Ä‘Æ°á»£c thÃ´i ğŸ˜‚",0,2024-06-29T07:45:43Z,Y7UKIusPSF4
@devildarkness8126,"â€‹@AnhNguyen-y2c6g báº¡n tháº¯c máº¯c gÃ¬ Ã¡ báº¡n , báº¡n cá»© há»i Ã¡ chá»© mÃ¬nh bt ntn thÃ¬ mÃ¬nh giáº£i thÃ­ch chá»© mÃ¬nh coi Ä‘Æ°á»£c má»™t Ä‘oáº¡n thÃ´i Ã¡ mÃ¬nh bt giáº£i thÃ­ch lgbt thÃ´i , cÃ²n vá» sinh con thÃ¬ cÃ³ nhiá»u cÃ¡ch nÃªn mÃ¬nh chá»‰ Ä‘oÃ¡n máº¥y cÃ¡ch Ä‘Ã³ thÃ´i Ã¡ , mÃ¬nh tháº¥y há» hp lÃ  Ä‘c rá»“i khÃ´ng cáº§n pháº£i quan tÃ¢m giá»›i tÃ­nh vÃ  cÃ³ con ntn Ä‘Ã¢u",0,2024-06-29T11:59:03Z,Y7UKIusPSF4
@MinhNguyen-rz3lf,Vá»¥,0,2024-06-14T04:37:50Z,Y7UKIusPSF4
@phuongbinhvncolen4943,Hai cÃ¡i cÃ¢y cá» quáº¹t quáº¹t,0,2024-06-14T04:21:35Z,Y7UKIusPSF4
@Black-jz7gj,ğŸ’€,0,2024-06-27T17:20:31Z,Y7UKIusPSF4
@DuNguyen-ox1ki,ThÆ°Æ¡ng hai chÃ¡u quÃ¡.CÃ´ khÃ¢m phá»¥c  tÃ¬nh yÃªu thÆ°Æ¡ng  cá»§a hai chÃ¡u,14,2024-06-14T03:49:16Z,Y7UKIusPSF4
@voda5130,Cáº·p Ä‘Ã´i quá»‘c huy siÃªu rá»… thÆ°Æ¡ng vÃ  Ä‘Ã¡ng yÃªu quÃ¡ chÃºc vá»£ chá»“ng em trÄƒm nÄƒm háº¡nh phÃºc ngáº­p trÃ n Ä‘ong Ä‘áº§y yÃªu thÆ°Æ¡ng â¤,36,2024-06-13T21:25:43Z,Y7UKIusPSF4
@bilisjohn,Em trai Ä‘áº¹p chuáº©n  luÃ´n nÃ³i chuyá»‡n hay tÃ­nh toÃ¡n  quÃ¡ xuáº¥t sáº¯c,10,2024-06-13T14:58:58Z,Y7UKIusPSF4
@liemnong289,Tuyá»‡t vá»£i chÃºc gÄ‘ 2 chÃ¡u hp.,5,2024-06-13T14:41:21Z,Y7UKIusPSF4
@ThoanLÆ°Æ¡ngThá»‹-y2f,Äá»«ng gá»i máº¹ bá»‘ báº±ng Ã´ng bÃ  giÃ ,0,2024-06-13T14:29:50Z,Y7UKIusPSF4
@TanNguyen-rk2bl,Má»‡t má»i wa hai tháº±ng con cu,0,2024-06-13T14:05:55Z,Y7UKIusPSF4
@HuyenNguyen-sf7oz,Sanh ra Ä‘á»©a con trai Ä‘áº¹p trai há»c hÃ nh giá»i giang lÃ  hÃ¬nh tÆ°á»£ng cá»§a máº¹ ....cÆ°á»›i vá»£ lÃ  con trai máº¹ sá»‘c toÃ n táº­p lÃ  Ä‘Ãºng rá»“i,20,2024-06-13T08:59:36Z,Y7UKIusPSF4
@chautruong7687,Co chup hinh lÃºc cÃ³ báº§u khÃ´ng ???,0,2024-06-13T08:37:46Z,Y7UKIusPSF4
@wildcat4701,Há» lÃ  con trai 100% thÃ¬ cÃ³ buá»“ng trá»©ng Ä‘Ã¢u mÃ  mang báº§u ? Há» láº¥y tinh trÃ¹ng cá»§a há» Ä‘em cáº¥y vÃ o 1 ngÆ°á»i phá»¥ ná»¯ Ä‘áº» thuÃª Ä‘áº¥y báº¡n áº¡ chá»© cÃ³ pháº£i há» Ä‘áº» Ä‘Ã¢u ğŸ˜‚ğŸ˜‚ğŸ˜‚ğŸ˜‚,0,2024-06-29T07:31:00Z,Y7UKIusPSF4
@kieuhamientay,Trong cac cÄƒp VN thich cÄƒp nay nhÃ¢t,2,2024-06-13T08:28:11Z,Y7UKIusPSF4
@DuNguyen-ox1ki,Cá»§a chá»“ng cÃ´ng vá»£. Mong chÃ¡u Huy Ä‘á»«ng phá»¥  báº¡c  chÃ¡u Quá»‘c  mong giÃ¡ Ä‘Ã¬nh  háº¡nh phÃºc. TrÃ n ngáº­p niá»m yÃªu thÆ°Æ¡ng,65,2024-06-13T08:27:21Z,Y7UKIusPSF4
@LeNganKhanh,1,5,2024-06-16T05:12:15Z,Y7UKIusPSF4
@HongMong-ho6jc,Tháº­t tuyá»‡t vá»i hai ngÆ°á»i cha láº¡i cÃ³ ba Ä‘á»©a con chÃºc cho hai Ä‘á»©a háº¡nh phÃºc Ä‘áº¿n giÃ  â¤,5,2024-07-15T08:45:29Z,Y7UKIusPSF4
@ThuhaNguyen-bu4sb,QuÃ´c váº«n cÃ³ viá»‡c lÃ m tÃ´t vÃ¬ gia Ä‘Ã¬nh mÃ  nghá»‰ viá»‡c mÃ ,5,2024-07-22T07:17:03Z,Y7UKIusPSF4
@ChauNguyen-jw9bi,@ThuhaNguyen-bu4sbQuá»‘c hy sinh ráº¥t nhiá»u cháº¥p nghá»‰ cÃ´ng viá»‡c Quá»‘c Ä‘áº£m Ä‘ang má»i thá»© tá»« chÄƒm dáº¡y con khÃ©o ná»™i trá»£ giá»i chiá»u chá»“ng lÃ  sá»‘ 1,2,2024-08-06T05:46:00Z,Y7UKIusPSF4
@LienNguyen-bz6hm,Con 2 chÃ¡u cÃ³ pháº£i sinh 3 khÃ´ng,0,2024-06-13T07:44:37Z,Y7UKIusPSF4
@NguyenMinh-lc2gl,Náº¿u nhÆ° ngf chá»“ng nÃ o cÅ©ng nhÆ°  chá»“ng cá»§a chÃ¡u thÃ¬ tuyá»‡t vá»i. NgoÃ i kia ko cÃ³ nhiá»u cáº·p vá»£ chá»“ng ly dá»‹ .,4,2024-06-13T07:31:29Z,Y7UKIusPSF4
@marietheresem9873,"Huy lÃ  1 ngÆ°á»i phá»‘i ngáº«u trÃªn cáº£ lÃ½ tÆ°á»Ÿng nhá» vÃ o tÆ° duy hÆ¡n cáº£ Ä‘áº·c biá»‡t cá»§a chÃ ng. Quá»‘c Ä‘á»«ng nÃªn quÃ¡ Ä‘á»—i mÃ  cÃ³ thá»ƒ 1 ngÃ y nÃ o vÃ´ tÃ¬nh Huy gáº·p Ä‘Æ°á»£c 1 ai Ä‘Ã³ há» cÃ³ thÃ¡i Ä‘á»™ Ãªm áº£, thanh bÃ¬nh thÃ¬ khÃ´ng hay cho Quá»‘c. Quá»‘c hÃ¬nh nhÆ° cÃ³ tÃ¢m tÃ­nh lo láº¯ng. CÃ³ láº½ pháº£i gáº·p chuyÃªn viÃªn tÃ¢m lÃ½. Huáº·c xáº¯p Ä‘áº·t láº¡i tÆ° tÆ°á»Ÿng. Äá»«ng Ä‘á»ƒ nhá»¯ng Ä‘iá»u mÃ¬nh tÆ°á»Ÿng tÆ°á»£ng nÃ³ chi phá»‘i nhÆ° tháº¿. á» Ä‘á»i khÃ´ng cÃ³ cÃ¡i dáº¡i nÃ o giá»‘ng cÃ¡i dáº¡i nÃ o. Khi mÃ  cá»§a bÃ¡u vá»¥t khá»i táº§m tay thÃ¬ má»›i ngá»™ ra sá»± xuáº©n ngá»‘c cá»§a mÃ¬nh. Quá»‘c nÃªn thÆ°á»Ÿng thá»©c Ä‘iá»u may máº¯n Trá»i ban vÃ  sá»‘ng vá»›i 1 thÃ¡i Ä‘á»™ tá»± nhiÃªn. Äá»«ng tÆ°á»Ÿng tÆ°á»£ng ra báº¥t cá»© Ä‘iá»u gÃ¬ cÃ³ váº» vÃ´ lÃ½ nhÆ° chÃ¡u vá»«a trÃ¬nh bÃ y.
Trong khuÃ´n khá»• lÃ m viá»‡c bÃ¡c cÃ³ dá»‹p tháº¥y nhiá»u con tráº» dÃ¹ chÆ°a biáº¿t nÃ³i nhÆ°ng nÃ³ cáº£m nháº­n Ä‘Æ°á»£c luá»“ng lo láº¯ng (anxious) cá»§a ngÆ°á»i gáº§n gÅ©i vá»›i nÃ³. Sau nÃ y cuá»™c Ä‘á»i (thuá»Ÿ thanh thiáº¿u niÃªn vÃ  trÆ°á»Ÿng thÃ nh) nÃ³ ráº¥t kháº­p khiá»…ng giá»¯a 2 thÃ¡i Ä‘á»™ thÃ¡i Ä‘á»™ tÃ¢m lÃ½. VÃ­ dá»¥ náº¿u sá»‘ng láº¡c quan thÃ¬ lo sá»£ lÃ  mÃ¬nh Ä‘ang lÃ m sai lÃ m trÃ¡i vÃ¬ â€œÄ‘á»iâ€ lÃ  lo sá»£- lo láº¯ng. Náº¿u Ä‘Æ°á»£c thÃ¬ Quá»‘c coi cÃ¡c phÃ³ng sá»± nÃ³i vá» gia Ä‘Ã¬nh vá»£ chá»“ng, con cÃ¡i, giao háº£o xÃ£ há»™i chuyÃªn dÃ nh cho cá»™ng Ä‘á»“ng ká»ƒ cáº£ phÃ³ng sá»± cá»§a nhá»¯ng gia Ä‘Ã¬nh ngoÃ i cá»™ng Ä‘á»“ng.â¤ï¸",1,2024-06-13T07:25:19Z,Y7UKIusPSF4
@QuocLeMinh-wd9hr,"ChÃ¡u cáº£m Æ¡n cÃ´ quan tÃ¢m gia Ä‘Ã¬nh chÃ¡u, cáº£m Æ¡n vÃ  trÃ¢n trá»ng nhá»¯ng lá»i khuyÃªn cá»§a cÃ´! NhÆ°ng con nghe hÆ¡i tháº¥y con bá»‹ thiá»‡t thÃ²i cho ngÆ°á»i vá»£ nhe cÃ´, khÃ¡c nÃ o náº¿u anh zhuy cÃ³ ngÆ°á»i khÃ¡c thÃ¬ lÃ  lá»—i cá»§a con luÃ´n háº£ cÃ´! Hic",1,2024-06-13T15:40:12Z,Y7UKIusPSF4
@bachthiduong8351,ğŸ˜ŠğŸ˜ŠğŸ˜Šâ€‹@QuocLeMinh-wd9hrğŸ˜ŠğŸ˜…,0,2024-06-16T01:11:42Z,Y7UKIusPSF4
@ChauNguyen-jw9bi,@QuocLeMinh-wd9hrcÃ´ cÃ³ theo dÃµi Quá»‘c trÃªn fb cÃ´ hiá»ƒu vÃ  ráº¥t thÆ°Æ¡ng cÃ´ tá»«ng lÃ  má»™t ngÆ°á»i phá»¥ ná»¯ mÃ  cÃ²n chÆ°a lÃ m Ä‘Æ°á»£c nhÆ° Quá»‘c . Theo dÃµi cÃ´ chÄƒm dáº¡y Bon Bin ráº¥t khÃ©o má»™t Ä‘iÃªu ba Huy hai Ä‘iá»u cÅ©ng ba Huy cÃ²n Ä‘á»‘i vá»›i Huy sá»‘c tá»« bá»¯a cÆ¡m cÃ¡i quáº§n cÃ¡i Ã¡o nháº¥t lÃ  lÃºc Huy bá»‹nh con chÄƒm sÃ³c sáºµn sÃ ng Ä‘Æ°a tay cho Huy cáº¯n cÃ´ Ä‘á»u biáº¿t chuyá»‡n gÃ¬ cÃ´ cÅ©ng biáº¿t cho cÃ´ hiá»u vÃ  ráº¥t thÆ°Æ¡ng con . Nhá»¯ng viá»‡c lÃ m cá»§a con Ä‘á»§ Ä‘á»ƒ Huy trÃ¢n trá»ng vÃ  yÃªu thÆ°Æ¡ng con Ä‘á»«ng buá»“n nhe Quá»‘c â¤ï¸,0,2024-08-06T06:42:35Z,Y7UKIusPSF4
@marietheresem9873,"Huy lÃ  1 ngÆ°á»i phá»‘i ngáº«u trÃªn cáº£ lÃ½ tÆ°á»Ÿng nhá» vÃ o tÆ° duy hÆ¡n cáº£ Ä‘áº·c biá»‡t cá»§a chÃ ng. Quá»‘c Ä‘á»«ng nÃªn quÃ¡ Ä‘á»—i mÃ  cÃ³ thá»ƒ 1 ngÃ y nÃ o vÃ´ tÃ¬nh Huy gáº·p Ä‘Æ°á»£c 1 ai Ä‘Ã³ há» cÃ³ thÃ¡i Ä‘á»™ Ãªm áº£, thanh bÃ¬nh thÃ¬ khÃ´ng hay cho Quá»‘c. Quá»‘c hÃ¬nh nhÆ° cÃ³ tÃ¢m tÃ­nh lo láº¯ng. CÃ³ láº½ pháº£i gáº·p chuyÃªn viÃªn tÃ¢m lÃ½. Huáº·c xáº¯p Ä‘áº·t láº¡i tÆ° tÆ°á»Ÿng. Äá»«ng Ä‘á»ƒ nhá»¯ng Ä‘iá»u mÃ¬nh tÆ°á»Ÿng tÆ°á»£ng nÃ³ chi phá»‘i nhÆ° tháº¿. á» Ä‘á»i khÃ´ng cÃ³ cÃ¡i dáº¡i nÃ o giá»‘ng cÃ¡i dáº¡i nÃ o. Khi mÃ  cá»§a bÃ¡u vá»¥t khá»i táº§m tay thÃ¬ má»›i ngá»™ ra sá»± xuáº©n ngá»‘c cá»§a mÃ¬nh. Quá»‘c nÃªn thÆ°á»Ÿng thá»©c Ä‘iá»u may máº¯n Trá»i ban vÃ  sá»‘ng vá»›i 1 thÃ¡i Ä‘á»™ tá»± nhiÃªn. Äá»«ng tÆ°á»Ÿng tÆ°á»£ng ra báº¥t cá»© Ä‘iá»u gÃ¬ cÃ³ váº» vÃ´ lÃ½ nhÆ° chÃ¡u vá»«a trÃ¬nh bÃ y.
Trong khuÃ´n khá»• lÃ m viá»‡c bÃ¡c cÃ³ dá»‹p tháº¥y nhiá»u con tráº» dÃ¹ chÆ°a biáº¿t nÃ³i nhÆ°ng nÃ³ cáº£m nháº­n Ä‘Æ°á»£c luá»“ng lo láº¯ng (anxious) cá»§a ngÆ°á»i gáº§n gÅ©i vá»›i nÃ³. Sau nÃ y cuá»™c Ä‘á»i (thuá»Ÿ thanh thiáº¿u niÃªn vÃ  trÆ°á»Ÿng thÃ nh) nÃ³ ráº¥t kháº­p khiá»…ng giá»¯a 2 thÃ¡i Ä‘á»™ thÃ¡i Ä‘á»™ tÃ¢m lÃ½. VÃ­ dá»¥ náº¿u sá»‘ng láº¡c quan thÃ¬ lo sá»£ lÃ  mÃ¬nh Ä‘ang lÃ m sai lÃ m trÃ¡i vÃ¬ â€œÄ‘á»iâ€ lÃ  lo sá»£- lo láº¯ng. Náº¿u Ä‘Æ°á»£c thÃ¬ Quá»‘c coi cÃ¡c phÃ³ng sá»± nÃ³i vá» gia Ä‘Ã¬nh vá»£ chá»“ng, con cÃ¡i, giao háº£o xÃ£ há»™i chuyÃªn dÃ nh cho cá»™ng Ä‘á»“ng ká»ƒ cáº£ phÃ³ng sá»± cá»§a nhá»¯ng gia Ä‘Ã¬nh ngoÃ i cá»™ng Ä‘á»“ng.â¤ï¸",5,2024-06-13T07:25:07Z,Y7UKIusPSF4
@ChauNguyen-jw9bi,Quá»‘c &amp; Huy Ä‘á»ƒn nhau chá»‰ 2 bÃ n tay tráº¯ng Huy cÃ³ chia sáº» náº¿u khÃ´ng cÃ³ Quá»‘c á»Ÿ bÃªn Ä‘á»™ng viÃªn chia sáº» má»i thá»© thÃ¬ khÃ´ng cÃ³ ceo TrÆ°Æ¡ng Ngá»c Huy cá»§a ngÃ y hÃ´m nay,0,2024-08-06T06:09:38Z,Y7UKIusPSF4
@KhanhTran-nc9ls,Cáº·p Ä‘Ã´i nÃ y quÃ¡ Ä‘áº¹p Ä‘Ã´i,5,2024-06-13T07:00:45Z,Y7UKIusPSF4
@PhucNguyen-ip6et,CÃ¡c em áº¥y Ä‘á»u lÃ  nhá»¯ng ngÆ°á»i tuyá»‡t vá»i Ä‘Ã¡ng ngÆ°á»¡ng má»™,7,2024-06-13T06:56:35Z,Y7UKIusPSF4
@thihoabui332,ChÃºc hai Ã´ng háº¡nh phÃºc khÃ¡c thÆ°á»ng .,2,2024-06-13T06:33:09Z,Y7UKIusPSF4
@FrdbDdv,Nhin hai em quÃ¡ háº¡nh qhucâ¤â¤â¤ğŸ‰ğŸ‰ğŸ‰ğŸ‰,2,2024-06-13T05:43:34Z,Y7UKIusPSF4
@MaiHá»“-q7j,ngÆ°á»¡ng má»™ vÃ  tháº§n tÆ°á»£ng 2 anh chÃºc gia Ä‘Ã¬nh anh tháº­t nhiá»u háº¡nh phÃºc,6,2024-06-13T05:38:48Z,Y7UKIusPSF4
@chanhle698,Quá»‘c cÃ³ má»™t ck quÃ¡ lÃ½ tÆ°á»Ÿng cá»‘ gáº¯ng gÃ¬n giá»¯ hp Quá»‘c nhÃ©,4,2024-06-13T05:20:37Z,Y7UKIusPSF4
@chanhle698,QuÃ¡ háº¡nh phÃºc,2,2024-06-13T05:19:29Z,Y7UKIusPSF4
@TamLe-nr2dt,Máº¡nh máº½ quÃ¡ dá»… thÆ°Æ¡ng quÃ¡ háº¡nh phÃºc lÃ  cá»§a mÃ¬nh ráº¥t Ä‘Ãºng,14,2024-06-13T05:00:30Z,Y7UKIusPSF4
@HaVu-nf4bc,ChÃºc má»«ng hai em quÃ¡ tuyá»‡t vá»i,3,2024-06-13T03:38:24Z,Y7UKIusPSF4
@Note8Galaxy-e6c,Ká»³ cá»¥c ğŸ˜®,0,2024-06-13T02:59:47Z,Y7UKIusPSF4
@Black-jz7gj,BÃ¬nh thÆ°á»ng chá»© cÃ³ j kÃ¬ Ä‘Ã¢u,0,2024-06-27T17:20:07Z,Y7UKIusPSF4
@thubui7628,CÃ´ mÃªÌn chaÌ€o  chaÌu HoaÌ€ng MeÌ€o vaÌ€ chaÌu gaÌi cuÌ€ng 2 chaÌu Ä‘Ã´Ì€ng tiÌnh rÃ¢Ìt laÌ€ xÆ°Ìng Ä‘Ã´i vaÌ€ dÃªÌƒ thÆ°Æ¡ng sau 2 chaÌu khÃ´ng daÌ£y con goÌ£i laÌ€ Ba MeÌ£ chaÌu QuÃ´Ìc maÌ€ sÆ°Ì‰a soaÌ£n trang Ä‘iÃªÌ‰m thiÌ€ rÃ¢Ìt laÌ€ Ä‘eÌ£p gaÌi coÌ Ä‘Æ°Æ¡Ì£c 3 Ä‘Æ°Ìa con 2 chaÌu thÃ¢Ì£t laÌ€ diÃªÌƒm phuÌc myÌƒ maÌƒn rÃ´Ì€i coÌ€n giÌ€ hÆ¡n thÃªÌ nÆ°Ìƒa .,4,2024-06-13T02:04:35Z,Y7UKIusPSF4
@ThanhHoanginTaiwan,Hai em huy vá»›i quá»‘c ráº¥t há»£p tuá»•i vá»«a lÃ m Äƒn nhanh phÃ¡t tÃ i phÃ¡t Lá»™c má»›i láº­p nghiá»‡p tá»« 2016 mÃ  thÃ nh cÃ´ng tuyá»‡t vá»i khÃ´ng pháº£i ai cÅ©ng Ä‘Æ°á»£c may máº¯n nhÆ° hai em? Rá»“i láº¡i sinh Ä‘Æ°á»£c ba Ä‘á»©a con hai trai má»™t gÃ¡i pháº£i nÃ³i Ä‘áº¹p gáº§n nhÆ° toÃ n diá»‡n rá»“i? Hai em pháº£i sá»‘ng tháº­t háº¡nh phÃºc Ä‘áº¿n rÄƒng Long Ä‘áº§u báº¡c Ä‘á»ƒ má»i ngÆ°á»i há»c theo? Chá»‹ ráº¥t ngÆ°á»¡ng má»™ vÃ  theo dÃµi hai em tá»«ng bÆ°á»›c â¤â¤â¤,51,2024-06-13T01:55:40Z,Y7UKIusPSF4
@LaiNguyen-e6w,Huy Æ¡i cÃ³ ngÆ°á»i vá»£ biáº¿t chÄƒm sÃ³c gia Ä‘Ã¬nh,3,2024-06-13T01:29:28Z,Y7UKIusPSF4
@ChauNguyen-jw9bi,Quá»‘c quÃ¡ giá»i chÄƒm sÃ³c gia Ä‘Ã¬nh mÃ  má»™t ngÆ°á»i phá»¥ ná»¯ bÃ¬nh thÆ°á»ng khÃ´ng chÆ°a cháº±c Ä‘Ã£ lÃ m Ä‘Æ°á»£c,0,2024-09-09T00:40:42Z,Y7UKIusPSF4
@chienphung2397,ChÃºc 2 con trÄƒm nÄƒm háº¡nh phÃºcğŸ˜¢,2,2024-06-12T23:48:20Z,Y7UKIusPSF4
@HongLe-ne7pv,"Ã”i nhÃ¬n 2 báº¡n cÃ³ dÃ¡ng phu thÃª quÃ¡, sá»‘ng HP bÃªn ngÆ°á»i mÃ¬nh yÃªu thÆ°Æ¡ng, dÃ¹ mÃ¬nh ko Ä‘á»“ng tÃ­nh, kiáº¿p sau mÃ¬nh Æ°á»›c dc nhÆ° váº­y",15,2024-06-12T22:56:09Z,Y7UKIusPSF4
@birdnethappy,"Toi dong y voi Quoc, lo duong lui nhung bai toan cua Huy cao lam nhe.",3,2024-06-12T22:28:44Z,Y7UKIusPSF4
@ThanhHoanginTaiwan,Hai em Ä‘áº¹p Ä‘Ã´i quÃ¡ chÃºc hai em trÄƒm nÄƒm háº¡nh phÃºc vÃ  thÃ nh cÃ´ng huy yÃªu thÆ°Æ¡ng em quá»‘c nhiá»u hÆ¡n ná»¯a nhÃ© huy ngÆ°á»i vá»£ tuyá»‡t vá»i â¤â¤â¤â¤â¤,14,2024-06-12T21:43:36Z,Y7UKIusPSF4
@somerandomguy6466,"cÃ³ nhá»¯ng cáº¡p Ä‘Ã´i há» kÃ©m may man hÆ¡n ,nghÃ¨o khÃ³ bá»‡nh táº­t kg tiá»n tháº¥y thuong lÃ£m .cÃ£p nÃ y vÃ  cap hÃ  tri Q quÃ¡ cÃ³ phÃºc .chÃºc cÃ¡c báº¡n hp .",9,2024-06-12T20:34:25Z,Y7UKIusPSF4
@BoogieNewtonTTN,"Quá»‘c lÃ  ngÆ°á»i vá»£ tuyá»‡t vá»Ÿ . Huy nÃªn giá»¯ ngÆ°á»i vá»£ tuyá»‡t vá»i náº§y nhÃ© . DuyÃªn ná»£ cá»§a hai ngÆ°á»i , nÃªn biáº¿t trÃ¢n quÃ½ ngÆ°á»i vá»£ cá»§a mÃ¬nh , vÃ¬ tÃ¬nh cáº£m cá»§a Quá»‘c dÃ nh cho Huy ráº¥t  to lá»›n vÃ  Quá»‘c  Ä‘Ã£ ráº¥t hy sinh táº¥t cáº£ cho Huy  rá»“i . Mong Huy cÃ ng yÃªu quÃ½ Quá»‘c nhiá»u hÆ¡n ná»¯a vÃ  hai vá»£ chá»“ng sá»‘ng trÄƒm nÄƒm háº¡nh phÃºc nghe Quá»—c & Huy â¤ï¸",34,2024-06-12T19:43:40Z,Y7UKIusPSF4
@BoogieNewtonTTN,"NgÆ°á»i chá»“ng cÃ³ tÃ¡nh giá»‘ng ngÆ°á»i máº¹ , tuy nhiÃªn nÃªn thay Ä‘á»•i tÃ¡nh cá»§a mÃ¬nh láº¡i , vÃ¬ báº£n thÃ¢n ngÆ°á»i chá»“ng biáº¿t tÃ¡nh cá»§a máº¹ mÃ¬nh nhÆ° tháº¿ nÃ o , nÃªn biáº¿t sá»¯a Ä‘á»•i Ä‘á»ƒ giá»¯ Ä‘Æ°á»£c ngÆ°á»i vá»£ tá»‘t vÃ  giá»±t Ä‘Æ°á»£c háº¡nh phÃºc cá»§a gia Ä‘Ã¬nh mÃ¬nh !.",4,2024-06-12T19:23:03Z,Y7UKIusPSF4
@tacly8764,len lam chi ma kg cho thay mat ?,1,2024-06-12T15:06:11Z,Y7UKIusPSF4
@vanessapham3457,Ä‘áº¹p Ä‘Ã´i quÃ¡,2,2024-06-12T14:34:26Z,Y7UKIusPSF4
@lienhuynh1275,"Cuá»™c sá»‘ng xÃ£ há»™i con ngÆ°á»i bÃ¢y giá», chuyá»‡n giá»›i tÃ­nh lÃ  chuyá»‡n bÃ¬nh thÆ°á»ng, miá»…n sao mÃ¬nh sá»‘ng vui sá»‘ng tá»‘t sá»‘ng khá»e ,cÃ³ hiáº¿u vá»›i cha máº¹ gia Ä‘Ã¬nh anh em nhÆ° tháº¿ lÃ  quÃ¡ tuyá»‡t vá»i rá»“i",30,2024-06-12T14:34:15Z,Y7UKIusPSF4
@minhnguythi4115,CÃ´ chÃºc hai chÃ¡u háº¡nh phÃºc hai chÃ¡u Ä‘áº¹p Ä‘Ã´i láº¯m  ha gáº¯ng Ä‘i cÃ¹ng nhau háº¿t cuá»™c Ä‘á»iğŸ˜Š,6,2024-06-12T14:02:06Z,Y7UKIusPSF4
@kimtruong401,CÃ³ cáº·p bá»“ báº¡n gÃ¡i váº­y lÃ  anh ta 2há»‡ rá»“i,0,2024-06-12T13:34:20Z,Y7UKIusPSF4
@matmat4825,Ko nÃªn há»c táº­p,1,2024-06-12T12:09:15Z,Y7UKIusPSF4
@thuybethi9758,Cáº·p Ä‘Ã´i quá»‘c huy tháº­t sá»± lÃ  má»™t cáº·p vá»£ chá»“ng hiáº¿m cÃ³ trong thá»i Ä‘áº¡i nÃ y cÃ´ chÃºc cho hai Ä‘á»©a máº¡nh khá»e vÃ  gáº·p nhiá»u may máº¯n vÃ  háº¡nh phÃºc Ä‘á»ƒ chÄƒm cho ba chÃ¡u chÄƒm ngoáº¡n há»c tá»‘t,22,2024-06-12T10:58:06Z,Y7UKIusPSF4
@minhdiep6341,ChÃºc Ä‘áº¡i gia Ä‘Ã¬nh Huy Quá»‘c tháº­t nhiá»u sá»©c khá»e an lÃ nh  vÃ  háº¡nh phÃºc â¤,9,2024-06-12T09:59:45Z,Y7UKIusPSF4
@locloc5318,2 con ráº¥t dá»… thÆ°Æ¡ng,3,2024-06-12T09:15:59Z,Y7UKIusPSF4
@huenguyen-bi8mr,CÃ´ ráº¥t thÃ­ch cáº·p Ä‘Ã´i cá»§a hai chÃ¡u Quá»‘c vÃ  huy Ä‘á»«ng bao giá» lÃ m cho cá»™ng Ä‘á»“ng tháº¥t vá»ng nhe,24,2024-06-12T09:05:36Z,Y7UKIusPSF4
@thitienha2918,"Cáº·p Ä‘Ã´i Ä‘áº¹p; nhÆ°ng tháº¥y hÆ¡i buá»“n lÃ  báº¡n Ná»¯ kia nháº¹ nhÃ ng, hiá»ƒu chuyá»‡n vÃ  cÃ³ pháº§n thiá»‡t thÃ²i nhiá»u/ hay phá»¥ ná»¯ lÃ  váº­yâ€¦ chÃºc gia Ä‘Ã¬nh cÃ¡c báº¡n luÃ´n HP",33,2024-06-12T08:45:41Z,Y7UKIusPSF4
@patricktran2851,Tháº­t ráº¥t ráº¥t Ä‘Ã¡ng thÆ°Æ¡ng yÃªu 2 anh huy vÃ  quá»‘c â¤â¤â¤â¤â¤â¤â¤,4,2024-06-12T08:28:59Z,Y7UKIusPSF4
@thanhhienduong7529,"Hai chÃ¡u ráº¥t giá»i , cÃ³ há»c váº¥n Ä‘i lÃªn , nhÃ¬n Ä‘áº¹p Ä‘Ã´i láº¯m . Hai chÃ¡u sá»‘ng tá»‘t Ä‘á»i Ä‘áº¹p Ä‘áº¡o , chuchai chÃ¡u trÄƒm nÄƒm háº¡nh phÃºc , nuÃ´i 3 con hay Äƒn , chÃ³ng lá»›n , há»c giá»i .",61,2024-06-12T08:19:14Z,Y7UKIusPSF4
@patricktran2851,â¤â¤â¤â¤â¤ I love you all my heart â¤â¤â¤â¤â¤â¤â¤â¤â¤,1,2024-06-12T08:13:31Z,Y7UKIusPSF4
@nguyenhuy220,"ğŸ‘ğŸ‘ğŸ‘ğŸ‘ğŸ‘ğŸ‘ğŸ‘ThÃ­ch quÃ¡ hhhhhh,...hihiğŸ˜ƒğŸ˜ğŸ˜â¤ğŸ’ªğŸ‘ğŸ‘ğŸ‘",0,2024-06-12T08:09:03Z,Y7UKIusPSF4
@hoatbui4834,2CON QUA TUYÃŠT VOI CHUC 2 CON HPBA CÃ” LÃŠNâ¤â¤â¤,3,2024-06-12T08:00:21Z,Y7UKIusPSF4
@TaiBrondino,ChÃºc hai em sá»‘ng Ä‘áº¿n rÄƒng Long Ä‘áº§u báº¡c â¤,5,2024-06-12T07:32:10Z,Y7UKIusPSF4
@aprillulu4870,"Eng sub, please",0,2024-06-12T07:30:55Z,Y7UKIusPSF4
@phananh1869,"Tháº­t báº£n lÄ©nh báº¡n Æ¡i, chÃºc hai báº¡n sáº½ náº¯m tay nhau Ä‘i háº¿t cuá»™c Ä‘á»i nÃ y, luÃ´n háº¡nh phÃºc mÃ£n nguyá»‡n nhÃ©...tháº­t dá»… thÆ°Æ¡ng",11,2024-06-12T07:25:53Z,Y7UKIusPSF4
@HoanNguyen-bi5no,NgÆ°á»¡ng má»™ luÃ´n,2,2024-06-12T06:08:08Z,Y7UKIusPSF4
@lanpham9243,NgÆ°á»¡ng mÃ´ quÃ¡,1,2024-06-12T05:13:23Z,Y7UKIusPSF4
@thudo5765,ğŸ’–ğŸ’–ğŸ’–ğŸ’–ğŸ’–ğŸ’–ğŸ’–ğŸ¥‚ğŸ¾ğŸ‘ğŸ‘ğŸ‘ğŸ‘ğŸ‰ğŸ‰ğŸ‰ğŸ‰ğŸ‰ğŸ‰ğŸ‰ğŸ‰,1,2024-06-12T04:57:18Z,Y7UKIusPSF4
@abcdegh12345,"QuÃ¢ cÃ¢u chuyÃªn hai vÆ¡ chá»“ng giÃ¢n nhau vu Ä‘Æ°a con Ä‘i hoc thÃ¬ chi tháº¥y chá»“ng hÆ¡i sai tÃ­ nha ,vÃ¬ náº¿u ko vá» Ä‘Æ°a con Ä‘i hoc Ä‘Æ°Æ¡c thÃ¬ chá»“ng cÅ©ng nÃªn Ä‘iÃªn vá» vÆ¡ nÃ³i mÃ´t tiáº¿ng ,vÃ¬ vÆ¡ cá»© á»Ÿ nhÃ  Ä‘á»£i Ä‘á»£i mÃ  ko tháº¥y vá» cÅ©ng ko Ä‘t nÃ³i ,pháº§n lo pháº§n nÃ´n nÃ³ng nÃªn vÆ¡ giÃ¢n lÃ  Ä‘Ãºng",8,2024-06-12T04:19:06Z,Y7UKIusPSF4
@ChauNguyen-jw9bi,ÄÃºng khÃ´ng vá» Ä‘Æ°á»£c thÃ¬ pháº£i gá»i vá» bÃ¡o nhÆ°ng khÃ´ng gá»i nÃªn má»›i xáº©y ra chuyá»‡n Quá»‘c ráº¥t Ä‘áº£m Ä‘ang trong má»i viá»‡c Ä‘áº¿u chu toÃ n,1,2024-08-06T05:11:54Z,Y7UKIusPSF4
@VanNguyen-ne3eg,NgÆ°á»¡ng má»™ cáº·p Ä‘Ã´i nÃ y. Ráº¥t tuyá»‡t vá»i. Ráº¥t Ä‘á»‰nh. Ráº¥t mong má»—i cáº·p vá»£ chá»“ng trÃªn toÃ n tháº¿ giá»›i Ä‘á»u hoÃ n háº£o Ä‘á»u Ä‘áº¹p nhÆ° cáº·p vk ck Huy vÃ  Quá»‘c. ChÃºc 2 con luÃ´n khá»e máº¡nh hp may máº¯n bÃ¬nh an thÃ nh cÃ´ng trong cuá»™c sá»‘ng vÃ  trong sá»± nghiá»‡p.,13,2024-06-12T03:47:17Z,Y7UKIusPSF4
@ComeOutLGBTVietnam_MCV,ğŸ˜²Cáº·p Ä‘á»“ng tÃ­nh chá»“ng mang báº§u Ä‘áº» con: https://www.youtube.com/watch?v=3sR7358JlpI,288,2024-06-12T03:13:30Z,Y7UKIusPSF4
@ThuongNguyen-kf2qz,CÃ³ cÃ¡i gÃ¬ Ä‘Ã¢u,56,2024-06-16T06:16:41Z,Y7UKIusPSF4
@thoadao9133,ğŸ˜¢ğŸ˜¢â€‹@ThuongNguyen-kf2qz,0,2024-06-16T07:22:55Z,Y7UKIusPSF4
@chuphamthi,L,22,2024-06-17T04:09:39Z,Y7UKIusPSF4
@TinhVuThi-qo6gm,â€‹@chuphamthiq,6,2024-06-17T15:13:36Z,Y7UKIusPSF4
@ThiCoiNguyen-by4rg,1111Â¹  â€‹@ThuongNguyen-kf2qz,0,2024-06-18T10:48:53Z,Y7UKIusPSF4
@thienhuongangthi1313,Cuá»‘i cÃ¹ng tá»¥i bÃ¢y cÅ©ng cÃ³ tá»± sinh Ä‘áº» Ä‘Æ°á»£c Ä‘Ã¢u ?,0,2024-06-20T06:48:39Z,Y7UKIusPSF4
@devildarkness8126,"â€‹@thienhuongangthi1313 thÃ¬ sao Ã¡ báº¡n miá»…n cÃ³ con lÃ  Ä‘Æ°á»£c rá»“i , miá»…n há» háº¡nh phÃºc lÃ  Ä‘Æ°á»£c rá»“i , vÃ¬ cÃ¢u nÃ³i Ä‘á»™c láº­p - tá»± do- háº¡nh phÃºc mÃ  há» thÃ­ch nhau vÃ  hp thÃ¬ k cÃ³ j cáº¥m cáº£n",3,2024-06-21T14:49:01Z,Y7UKIusPSF4
@ThiNguyen-dr5yz,L<br>OğŸ˜ŠğŸ˜Šâ€‹@devildarkness8126,0,2024-06-23T09:10:37Z,Y7UKIusPSF4
@devildarkness8126,"@ThiNguyen-dr5yz khÃ´ng cáº§n lo Ä‘Ã¢u ban ,cÃ³ con lÃ  may rá»“i chá»© giá» ngÆ°á»i tráº» k muá»‘n cÃ³ con bÃ¢y giá» há» chá»‰ táº­p trung cÃ´ng viá»‡c vá»›i thÃ­ch tá»± do nÃªn giáº£m nhu cáº§u sinh con láº¯m áº¡( cÃ¡i nÃ y lÃ  dda soos chá»© mÃ¬nh k nÃ³i ai cx v nha cho mÃ¬nh xin lá»—i náº¿u nÃ³i gÃ¬ chÆ°a Ä‘Ãºng láº¯m)",1,2024-06-24T07:55:41Z,Y7UKIusPSF4
@VanHa-pb2sq,â€‹@chuphamthiku5â¤iu8,0,2024-06-29T03:21:55Z,Y7UKIusPSF4
@hoatran-ii5ud,ğŸ˜ŠğŸ˜ŠğŸ˜ŠğŸ˜Š,0,2024-07-02T01:27:32Z,Y7UKIusPSF4
@ngonnguyenchi7483,â€‹@chuphamthiğŸ˜Š,0,2024-07-13T10:47:27Z,Y7UKIusPSF4
@nguyenle-yq6bk,Es 9 con pua<br><br>â€‹@ThuongNguyen-kf2qz,0,2024-07-15T03:34:34Z,Y7UKIusPSF4
@NatduyDuong,"â€‹ <a href=""https://www.youtube.com/watch?v=Y7UKIusPSF4&amp;t=1638"">27:18</a> ,@TinhVuThi-qo6gm",0,2024-07-15T09:02:31Z,Y7UKIusPSF4
@conghoangthi9385,â€‹@devildarkness8126ğŸ˜Šâ¤,0,2024-07-21T06:18:14Z,Y7UKIusPSF4
@VanphuLe-rt1mk,GÃ´g9g,0,2024-10-28T12:09:37Z,Y7UKIusPSF4
@HanhVu-ke6gb,ğŸ˜Š,0,2024-11-11T16:57:21Z,Y7UKIusPSF4
@thongo5270,"Pháº£i nÃ³i lÃ  há» ráº¥t giá»i ,giá»i xuáº¥t sáº¯c cÃ²n Ä‘á»i tÆ° má»—i ngÆ°á»i má»™t hoÃ n cáº£nh khÃ¡c nhau ko ai muá»‘n bá»‹ giá»›i tÃ­nh nhÆ° tháº¿ pháº£i thÃ´ng cáº£m cho há»",64,2024-06-12T02:52:52Z,Y7UKIusPSF4
@thihongle6751,Giá»›i tÃ­nh thá»© ba mÃ  sao láº¡i Ä‘áº» Ä‘Æ°á»£c ba bÃ© lÃ  con cá»§a mÃ¬nh háº£ báº¡n,1,2024-07-24T13:07:10Z,Y7UKIusPSF4
@NgoNguyen-c5h,Hai con quÃ¡ tuyá»‡t vá»i trÃªn cáº£ tuyá»‡t vá»i â¤ ChÃºc hai con vÃ  cÃ¡c chÃ¡u mÃ£i mÃ£i HP bÃªn nhau â¤â¤â¤â¤â¤,0,2024-07-30T03:19:11Z,Y7UKIusPSF4
@lethihoa2595,"Má»™t Ä‘á»©a lÃ  ""bÃ³ng lá»™""Ä‘á»©a kia lÃ  ""bÃ³ng kÃ­n"".",0,2024-06-12T02:27:00Z,Y7UKIusPSF4
@laiduong6231,CÃ¡i nÃ y gá»i lÃ  Gay báº¡n Æ¡i ( Ä‘á»“ng tÃ­nh nam),2,2024-06-12T07:23:51Z,Y7UKIusPSF4
@Black-jz7gj,BÃ³ng lá»™ bÃ³ng kÃ­n lÃ  sao? Ko hiá»ƒu. Ã lÃ  ko hiá»ƒu lá»™ vá»›i kÃ­n lÃ  j Ã¡,0,2024-06-27T17:21:20Z,Y7UKIusPSF4
@wildcat4701,"@Black-jz7gjÃ½ lÃ  cáº£ 2 Ä‘á»u lÃ  Ä‘á»“ng tÃ­nh luyáº¿n Ã¡i nhÆ°ng 1 ngÆ°á»i lá»™ lÃ  áº½o láº£ , yá»ƒu Ä‘iá»‡u thá»¥c ná»¯ nhÆ° con gÃ¡i, cÃ²n kÃ­n lÃ  Ä‘á»“ng tÃ­nh nhÆ°ng nam tÃ­nh nhÆ° con trai tháº³ng bÃ¬nh thÆ°á»ng ğŸ˜‚",0,2024-06-29T07:38:21Z,Y7UKIusPSF4
@Black-jz7gj,@wildcat4701 má»›i biáº¿t ;),0,2024-06-29T13:22:40Z,Y7UKIusPSF4
@DuNguyen-ox1ki,Ã”i  giÃ¡ Ä‘Ã¬nh háº¡nh phÃºc cá»§a  2 chÃ¡u Huy Quá»‘c quÃ¡ tuyá»‡t vá»i,16,2024-06-12T01:50:35Z,Y7UKIusPSF4
@tranly1649,ÄÃºng váº­y ngÆ°á»i lÃ m ba máº¹ khi nÃ o cÅ©ng nghÄ© tÆ°Æ¡ng láº¡i cho con. Quá»‘c nÃ³i Ä‘Ãºng ai biáº¿t ngÃ y mai nhÆ° nÃ o,11,2024-06-12T01:48:20Z,Y7UKIusPSF4
@KimSa-ki5hf,Cho m há»i xÃ­u Ä‘Ã¢y lÃ  mang thai há»™ hay lÃ  nháº­n con nuÃ´i Ä‘Ã¢y mn,1,2024-06-12T01:44:42Z,Y7UKIusPSF4
@NgaNguyen-h2m,mang thai há»™ Ä‘Ã³,0,2024-06-12T05:11:40Z,Y7UKIusPSF4
@KimSa-ki5hf,"@NgaNguyen-h2m á»§a váº­y Ã  p,m tÆ°á»Ÿng mang thai há»™ á»Ÿ vn  cáº¥m mÃ  ta,m cá»© nghÄ© lÃ  con nuÃ´i cÆ¡",0,2024-06-12T05:17:44Z,Y7UKIusPSF4
@quannguyen4151,Giá»‘ng nhÆ° HÃ  TrÃ­ Quang vÃ  Thanh ÄoÃ n Ä‘Ã³,0,2024-06-12T07:34:24Z,Y7UKIusPSF4
@binhthanh5975,"Mang thai há»™, thÃ¬ Ä‘á»©a con cÅ©ng lÃ  1 ná»­a cá»§a ngÆ°á»i Phá»¥ ná»¯ kia",0,2024-06-15T01:40:53Z,Y7UKIusPSF4
@thaibinhle1841,ngÆ°á»i khÃ¡c Ä‘ang nÃ³i mÃ  bÃ  MC Cá»© nháº£y vÃ o miá»‡ng ngÆ°á»i khÃ¡c,3,2024-06-12T01:38:25Z,Y7UKIusPSF4
@laiduong6231,Cáº£ nam MC luÃ´n báº¡n,0,2024-06-12T07:21:33Z,Y7UKIusPSF4
@kimvo5090,"Cáº·p Ä‘Ã´i ráº¥t Ä‘áº¹p vÃ  HP. Minh chÃºc cho 2 ban mÃ£i mai bÃªn nhau va GD HP. 
Minh cÅ©ng la ngÆ°á»i Ä‘á»“ng tÃ­nh minh cÅ©ng mong táº¥t cÃ¡c báº¡n LGBt trÃªn tháº¿ giá»›i nay yÃªu nhau va thÃ nh cÃ´ng HP 
MÃ¬nh chÃºc cho GD cháº¥p nháº­n cho táº¥t cáº£ cap Ä‘oi LgBt ğŸ³ï¸â€ğŸŒˆ yÃªu nhau ğŸ³ï¸â€ğŸŒˆğŸ™",10,2024-06-12T01:20:44Z,Y7UKIusPSF4
@hiepnguyen9473,Äep vÃ  giá»i .hpvv,3,2024-06-12T01:19:25Z,Y7UKIusPSF4
@CanhTran-v9j,Miu cáº§u hp lÃ  tá»‘t sao ko thuáº­n láº½ Ã¢m dÆ°Æ¡ng nhá»‰,1,2024-06-12T01:17:14Z,Y7UKIusPSF4
@wildcat4701,Äá»“ng tÃ­nh luyáº¿n Ã¡i mÃ  báº¡n ğŸ˜‚,0,2024-06-29T07:27:08Z,Y7UKIusPSF4
@iepphamthingoc9090,ThÃ¢t tuyá»‡t chÃºc gÄ‘ cÃ¡c báº¡n mÃ£i háº¡nh phÃºc nhÃ©,1,2024-06-12T00:04:56Z,Y7UKIusPSF4
@é™³é‡‘ä¾†-v6v,Cáº·p Ä‘Ã´i Ä‘á»“ng giá»›i nhÆ°ng dá»… thÆ°Æ¡ng vÃ´ cÃ¹ng chÃºc hai em luÃ´n khá»e máº¡nh vui váº» HP,6,2024-06-11T23:18:41Z,Y7UKIusPSF4
@Tuyáº¿tPháº¡m-g2g,"Huy cÃ³ 1 trai 1 gÃ¡i , cuá»™c 1 con trai thá»© 3",3,2024-06-11T23:00:50Z,Y7UKIusPSF4
@Tuyáº¿tPháº¡m-g2g,"ThuÃª Ä‘áº» cháº¯c má»™t Ä‘ua tráº» thÃ nh cÃ´ng máº¥t tiá»n tá»· ,",0,2024-06-11T22:59:57Z,Y7UKIusPSF4
@LienNguyen-zp6vo,Cáº·p Ä‘Ã´i vÃ ng cá»§a tháº¿ giá»›i á»§ng há»™ hai em chÃºc gia Ä‘Ã¬nh háº¡nh phÃºc vá»›i 3 Ä‘á»©a con ráº¥t lÃ  xinh 3 ráº¥t dá»… thÆ°Æ¡ng quÃ¡,6,2024-06-11T21:07:04Z,Y7UKIusPSF4
@yenle-mn7os,"Day la chuong trinh vo duyen nhat the gioi ma toi chua tung gap . Phong van nhan vat nen chieu hinh cua nhan vat hoac xen ke giua nhan vat va nguoi phong van . Chuong trinh nay chi thay cai mat chan van cua ba phong van nhe rang cuoi hoai rat la vo duyen, chang that mat cua nhan vat , nhu vay len chuong trinh lam gi ?? that la vo duyen!!!!!",0,2024-06-11T20:57:28Z,Y7UKIusPSF4
@hoavuongnguyen8710,Thieu Lam  Song  Dang Kiem Hiep!,0,2024-06-11T20:46:14Z,Y7UKIusPSF4
@quangdinh2206,"Nhá»¥c nhÃ£, quÃ¡ hay ho gÃ¬ mÃ  cÃ²n ghi hÃ¬nh lÃ©n, thÆ°Æ¡ng nhau thÃ¬ á»Ÿ vui váº» Ä‘Æ°á»£c rá»“i tháº¥y á»›n",2,2024-06-11T20:08:57Z,Y7UKIusPSF4
@HiepLe-vv3fl,TÃ´i cÅ©ng nhÆ° b,0,2024-06-12T01:13:02Z,Y7UKIusPSF4
@ComeOutLGBTVietnam_MCV,CÃ³ gÃ¬ mÃ  nhá»¥c nhÃ£ váº­y? bá»™ yÃªu nhau thÃ¬ khÃ´ng Ä‘Æ°á»£c ghi hÃ¬nh Ã ? báº¡n tÃ o lao quÃ¡,3,2024-06-12T03:10:20Z,Y7UKIusPSF4
@QuocLeMinh-wd9hr,"Nay ad gáº¯t quÃ¡, nhÆ°ng Q thÃ­ch! CÃ¡i thá»© vÃ´ duyÃªn nhÆ° trÃªn k nÃ³i nÃ³ tÆ°á»Ÿng nÃ³ tÃ i!",0,2024-06-12T05:15:45Z,Y7UKIusPSF4
@NÄƒmNguyá»…n-t1i4n,Sinh ra Ä‘Ã¢u cÃ³ quyá»n lá»±a chá»n giá»›i tÃ­nh ai cÅ©ng mong mÃ¬nh Ä‘Æ°á»£c hoÃ n háº£o báº£n thÃ¢n nhá»¯ng sá»‘ pháº­n con ngÆ°á»i ta nhÆ° váº­y há» pháº£i chui mÃ¬nh ráº¥t thÃ´ng cáº£m cho sá»‘ pháº­n cá»§a há»,2,2024-06-12T16:17:08Z,Y7UKIusPSF4
@thangfivestar9205,Cáº¶P ÄÃ”I Äáº¸P TRAI GIá»I áº¤N TÆ¯á»¢NG NHáº¤T Cá»˜NG Äá»’NG CHÃšC GÄ 2 CHÃU SKHP,25,2024-06-11T19:00:02Z,Y7UKIusPSF4
@luciemywallace9558,Throw up,1,2024-06-11T18:11:02Z,Y7UKIusPSF4
@NandaaWongsawat,"Cada comentÃ¡rio de dar nojo, humanidade desrespeitosa e infeliz...um bando de pecadores se achando limpos, julgando os rapazes.....SÃ³ quem pode julga-los Ã© Deus e mais ninguÃ©m nessa terra. Desejo que sejam sempre uma famÃ­lia felizes e blindada pela maldade humana.ğŸ™ğŸ’™ğŸŒ»",6,2024-06-11T17:05:19Z,Y7UKIusPSF4
@GhGhz-u2z,Äáº¹p Ä‘Ã´i,2,2024-06-11T16:38:09Z,Y7UKIusPSF4
@Nghintrungxacach6582,"Cuá»™c Ä‘á»i nÃ y ngáº¯n ngá»§i láº¯m, lÃ m gÃ¬ báº£n thÃ¢n tháº¥y vui váº» háº¡nh phÃºc vÃ  Ä‘em láº¡i háº¡nh phÃºc cho ngÆ°á»i mÃ¬nh thÆ°Æ¡ng yÃªu thÃ¬ cá»© váº­y mÃ  lÃ m",6,2024-06-11T16:18:01Z,Y7UKIusPSF4
@thithuoclai5643,ğŸ˜‚TrÃ¡i vá»›i láº½ tá»± nhiÃªn,0,2024-06-11T16:10:34Z,Y7UKIusPSF4
@Black-jz7gj,BÃ¬nh thÆ°á»ng chá»© trÃ¡i tá»± nhiÃªn j Ä‘Ã¢u.,0,2024-06-27T17:23:04Z,Y7UKIusPSF4
@XhhE-ql8hy,Báº¡n nÃ o lÃ  con gÃ¡i váº­y,3,2024-06-11T14:13:16Z,Y7UKIusPSF4
@thihoanguyen699,"Quá»‘c lÃ  vk , Huy lÃ  ck",1,2024-06-12T00:32:31Z,Y7UKIusPSF4
@chihuynh7553,"Quá»‘c hÃ´m nay máº·t trÃ²n ,lÃªn kg nhiá»u nha.â¤",5,2024-06-11T13:41:11Z,Y7UKIusPSF4
@tondinh8809,"Ai cÅ©ng cÃ³ mÆ°u cáº§u háº¡nh phÃºc,miá»…n lÃ  ngÆ°á»i tá»‘t cÃ³ Ã­ch cho gia Ä‘Ã¬nh vÃ  xÃ£ há»™i,khÃ´ng lÃ m Ä‘iá»u gÃ¬ pháº¡m phÃ¡p,chÃºc gia Ä‘Ã¬nh em hp.",110,2024-06-11T13:38:39Z,Y7UKIusPSF4
@HaTran-dr4dv,Äá»©a nÃ o Ä‘áº» váº­y ğŸ˜…,0,2024-06-11T13:20:33Z,Y7UKIusPSF4
@thaotranthithanh2542,BÃªn nÆ°á»›c ngoÃ i cÃ³ dá»‹ch vá»¥ mang thai há»™,5,2024-06-11T14:01:31Z,Y7UKIusPSF4
@quannguyen4151,Qua ThÃ¡i Lan nhá» ngÆ°á»i mang thai há»™.ğŸ˜‚,1,2024-06-12T07:35:40Z,Y7UKIusPSF4
@wildcat4701,@quannguyen4151á»Ÿ VN mÃ¬nh cÅ©ng cÃ³ thiáº¿u gÃ¬ ngÆ°á»i mang thai há»™. CÃ³ tiá»n lÃ  cÃ³ thÃ´i chá»© cáº§n gÃ¬ pháº£i sang nÆ°á»›c ngoÃ i,0,2024-06-29T07:50:22Z,Y7UKIusPSF4
