author,body,score,link
TracPhuong3456,"ai? ƒë·ª©a n√†o? bao nhi√™u ƒë·ª©a? hay ch·ªâ nh·ªè √¥ng th√≠ch l·∫°i th√≠ch ng∆∞·ªùi kh√°c ü§£ th√≠ch kh√°c, y√™u kh√°c, c∆∞·ªõi kh√°c, s·ªëng kh√°c, s·ªëng t·ªõi cu·ªëi ƒë·ªùi kh√°c, ch∆∞a ch·∫Øc l√† 1 ng∆∞·ªùi :)",5,https://www.reddit.com/r/TroChuyenLinhTinh/comments/1jynl1z/t%E1%BA%A1i_sao_con_g%C3%A1i_trong_t%C6%B0_t%C6%B0%E1%BB%9Fng_n%C3%B3_lu%C3%B4n_th%C3%ADch_c%C3%B4ng/
Puzzleheaded_Toe8419,Vl topic th√¨ ƒë√°nh ƒë·ªìng c√≤n cmt c·∫£ ƒë·ªëng th·∫±ng cha coi r·∫ª ph·ª• n·ªØ vcl,3,https://www.reddit.com/r/TroChuyenLinhTinh/comments/1jynl1z/t%E1%BA%A1i_sao_con_g%C3%A1i_trong_t%C6%B0_t%C6%B0%E1%BB%9Fng_n%C3%B3_lu%C3%B4n_th%C3%ADch_c%C3%B4ng/
hackerman236,"=))) tao c≈©ng ƒë uho m·∫•y t∆∞ t∆∞·ªüng nthe nma ƒë√¢y l√† reddit m√†, m expect g√¨ ·ªü ch·ªó n√†y.",3,https://www.reddit.com/r/TroChuyenLinhTinh/comments/1jynl1z/t%E1%BA%A1i_sao_con_g%C3%A1i_trong_t%C6%B0_t%C6%B0%E1%BB%9Fng_n%C3%B3_lu%C3%B4n_th%C3%ADch_c%C3%B4ng/
Ok-Masterpiece3969,"v√¨ c√°i ƒë·∫ßu c·ªßa ƒë√†n b√† ƒëa s·ªë n√≥ c≈©ng r·ªóng tu·∫øch nh∆∞ c√°i l·ªó lol c·ªßa n√≥ khi n·ª©ng c·ª±c ƒë·ªô v·∫≠y. c√≥ j ƒëou m√† ph·∫£i th·∫Øc m·∫Øc. ƒê√†n √¥ng y√™u b·∫±ng m·∫Øt, ƒë√†n b√† y√™u b·∫±ng tai m√† m√†y, n√≥ thick nh·ªØng th·∫±ng nv, ra ƒë∆∞·ªùng, c√°i tai n√≥ nh∆∞ c√°i mic thu √¢m, v·ªÖnh l√™n nh∆∞ tai b√≤ nghe nh·ªØng ng xung quanh tr·∫ßm tr·ªì nh∆∞ n√†o",4,https://www.reddit.com/r/TroChuyenLinhTinh/comments/1jynl1z/t%E1%BA%A1i_sao_con_g%C3%A1i_trong_t%C6%B0_t%C6%B0%E1%BB%9Fng_n%C3%B3_lu%C3%B4n_th%C3%ADch_c%C3%B4ng/
Unable_Direction1988,"v√≠ d·ª• d·ªÖ hi·ªÉu, tr·ª±c quan, 10 ƒëi·ªÉm",4,https://www.reddit.com/r/TroChuyenLinhTinh/comments/1jynl1z/t%E1%BA%A1i_sao_con_g%C3%A1i_trong_t%C6%B0_t%C6%B0%E1%BB%9Fng_n%C3%B3_lu%C3%B4n_th%C3%ADch_c%C3%B4ng/
Huge-Journalist6379,Tao nghƒ© n√≥ kh√¥ng c√≥ kh√¥n,3,https://www.reddit.com/r/TroChuyenLinhTinh/comments/1jynl1z/t%E1%BA%A1i_sao_con_g%C3%A1i_trong_t%C6%B0_t%C6%B0%E1%BB%9Fng_n%C3%B3_lu%C3%B4n_th%C3%ADch_c%C3%B4ng/
SPN131,"Th√πng r·ªóng k√™u to, g√°i ngu th√¨ th√≠ch sƒ© di·ªán khoe khoang. G√°i kh√¥n ngoan th√¨ n√≥ bi·∫øt m·∫•y lo·∫°i ƒë√≥ ch·∫£ ngon g√¨, ch·ªìng n√≥ ngon th√¨ n√≥ ch·∫≥ng th√®m khoe. V√¨ n√≥ bi·∫øt khoe ch√¥ng ngon ·ªü x·ª© thi·ªÅn ƒë∆∞·ªùng ch·∫≥ng kh√°c g√¨ m·ªùi con kh√¥n ngoan  kh√°c ƒë·∫øn ƒë·ªõp.",18,https://www.reddit.com/r/TroChuyenLinhTinh/comments/1jynl1z/t%E1%BA%A1i_sao_con_g%C3%A1i_trong_t%C6%B0_t%C6%B0%E1%BB%9Fng_n%C3%B3_lu%C3%B4n_th%C3%ADch_c%C3%B4ng/
LegitimateAardvark95,"V√£i, m√†y n√≥i con g√°i th√≠ch c√¥ng an qu√¢n ƒë·ªôi th√¨ tao c√≤n th·∫•y ƒë√∫ng ch·ª© n√≥i con g√°i th√≠ch d√¢n xƒÉm tr·ªï th√¨ h∆°i k·ª≥ √†.. ƒë·ª©a con g√°i n√†o th√≠ch m·∫•y th·∫±ng ƒë·∫•y ch·∫Øc c≈©ng thu·ªôc h·∫°ng nh∆∞ m·∫•y th·∫±ng ƒë√≥ th√¥i",4,https://www.reddit.com/r/TroChuyenLinhTinh/comments/1jynl1z/t%E1%BA%A1i_sao_con_g%C3%A1i_trong_t%C6%B0_t%C6%B0%E1%BB%9Fng_n%C3%B3_lu%C3%B4n_th%C3%ADch_c%C3%B4ng/
CompetitiveIce4448,"ƒê∆°n gi·∫£n th√¥i, quy·ªÅn l·ª±c, gi√†u ,ng·∫ßu",3,https://www.reddit.com/r/TroChuyenLinhTinh/comments/1jynl1z/t%E1%BA%A1i_sao_con_g%C3%A1i_trong_t%C6%B0_t%C6%B0%E1%BB%9Fng_n%C3%B3_lu%C3%B4n_th%C3%ADch_c%C3%B4ng/
Forward-Maybe6544,nh√¨n nh∆∞ ƒë·ªëng c·ª©t m√† b·∫£o ng·∫ßu,5,https://www.reddit.com/r/TroChuyenLinhTinh/comments/1jynl1z/t%E1%BA%A1i_sao_con_g%C3%A1i_trong_t%C6%B0_t%C6%B0%E1%BB%9Fng_n%C3%B3_lu%C3%B4n_th%C3%ADch_c%C3%B4ng/
DestroytheWorld214,"M·∫•y th·∫±ng IT c√≤n ngon, dm t ks c∆° kh√≠ m√† ch√∫ng n√≥ khinh nh∆∞ con ch√≥ d√°ch",8,https://www.reddit.com/r/TroChuyenLinhTinh/comments/1jynl1z/t%E1%BA%A1i_sao_con_g%C3%A1i_trong_t%C6%B0_t%C6%B0%E1%BB%9Fng_n%C3%B3_lu%C3%B4n_th%C3%ADch_c%C3%B4ng/
So-Hard-Bro,"c∆° kh√≠ √≠t ra ƒë·ª•c sung h∆°n IT ![img](emote|t5_4bcops|22267) t√πy con n√≥ th√≠ch c·∫£m gi√°c ra sao, ƒë·ª•c m·∫°nh hay ƒë·ª•c t√¨nh c·∫£m![img](emote|t5_4bcops|21259)",4,https://www.reddit.com/r/TroChuyenLinhTinh/comments/1jynl1z/t%E1%BA%A1i_sao_con_g%C3%A1i_trong_t%C6%B0_t%C6%B0%E1%BB%9Fng_n%C3%B3_lu%C3%B4n_th%C3%ADch_c%C3%B4ng/
Most_Oven6510,ƒë·ª•c xuy√™n ng·∫ßm l√†m metro b·∫øn th√†nh - su·ªëi elf  ![img](emote|t5_4bcops|22261),3,https://www.reddit.com/r/TroChuyenLinhTinh/comments/1jynl1z/t%E1%BA%A1i_sao_con_g%C3%A1i_trong_t%C6%B0_t%C6%B0%E1%BB%9Fng_n%C3%B3_lu%C3%B4n_th%C3%ADch_c%C3%B4ng/
[deleted],[deleted],3,https://www.reddit.com/r/TroChuyenLinhTinh/comments/1jynl1z/t%E1%BA%A1i_sao_con_g%C3%A1i_trong_t%C6%B0_t%C6%B0%E1%BB%9Fng_n%C3%B3_lu%C3%B4n_th%C3%ADch_c%C3%B4ng/
Ok_Antelope_2925,"sao m bi·∫øt, m c√≥ ph·∫£i con g√°i ko m√† r√†nh d·ªØ",2,https://www.reddit.com/r/TroChuyenLinhTinh/comments/1jynl1z/t%E1%BA%A1i_sao_con_g%C3%A1i_trong_t%C6%B0_t%C6%B0%E1%BB%9Fng_n%C3%B3_lu%C3%B4n_th%C3%ADch_c%C3%B4ng/
Aggressive-Dance8136,"Hai v·∫•n ƒë·ªÅ n√†y kh√°c nhau: con g√°i th√≠ch ƒë√†n √¥ng nh∆∞ th·∫ø n√†o? V√† nh·ªØng c√¥ g√°i nh∆∞ th·∫ø n√†o th√¨ th√≠ch khoe ƒë√†n √¥ng c·ªßa m√¨nh? 
V√≠ d·ª•: nh·ªØng c√¥ g√°i th√†nh c√¥ng k√≠n ƒë√°o kh√¥ng th√≠ch public ƒë·ªùi t∆∞ th∆∞·ªùng ch·ªçn m·∫´u ng∆∞·ªùi th√†nh ƒë·∫°t chƒÉm lo s·ª± nghi·ªáp. C√≤n nh·ªØng m·∫´u ng∆∞·ªùi hay khoe khoang th√¨ th√≠ch ch·ªçn ng∆∞·ªùi nh∆∞ b·∫°n k·ªÉ tr√™n =&gt; th∆∞·ªùng 70-80% ng∆∞·ªùi s·∫Ω ch·ªçn b·∫°n ƒë·ªùi ph√π h·ª£p v·ªõi m√¨nh v√† c√≥ xu h∆∞·ªõng gi·ªëng nhau =&gt; b·∫°n th·∫•y s·ªë s·ªëng g√°i th√≠ch d√¢n sƒÉm tr·ªï khoe tr√™n m·∫°ng kh√¥ng c√≥ nghƒ©a con g√°i th√≠ch d√¢n sƒÉm tr·ªï. M√† t·∫°i nh·ªØng ng∆∞·ªùi kh√¥ng th√≠ch h·ªç kh√¥ng khoe",5,https://www.reddit.com/r/TroChuyenLinhTinh/comments/1jynl1z/t%E1%BA%A1i_sao_con_g%C3%A1i_trong_t%C6%B0_t%C6%B0%E1%BB%9Fng_n%C3%B3_lu%C3%B4n_th%C3%ADch_c%C3%B4ng/
Aggressive-Dance8136,ƒê·ªÉ kh·∫£o s√°t ƒë√∫ng h∆°i kh√≥ ƒë√≥. N√™n nh√¨n video khoe khoang tr√™n t√≥p t√≥p r·ªìi ph√°n th√¨ s·∫Ω ch·ªâ mang t√≠nh g√≥c nh√¨n c√° nh√¢n tr√™n t√≥p t√≥p. Kh√¥ng ƒë√∫ng v·ªõi th·ª±c t·∫ø x√£ h·ªôi. L√†m kh·∫£o s√°t s·ªë li·ªáu l√† t·ª± d∆∞ng hi·ªÉu ƒëi·ªÅu t√¥i n√≥i. Keyword: fallacy in research.,3,https://www.reddit.com/r/TroChuyenLinhTinh/comments/1jynl1z/t%E1%BA%A1i_sao_con_g%C3%A1i_trong_t%C6%B0_t%C6%B0%E1%BB%9Fng_n%C3%B3_lu%C3%B4n_th%C3%ADch_c%C3%B4ng/
Safe-Rush6558,Ngh·ªÅ d·ªãch v·ª• x√£ h·ªôi l√† ƒë√≤i n·ª£ thu√™ ƒë√≥ h·∫£?,4,https://www.reddit.com/r/TroChuyenLinhTinh/comments/1jynl1z/t%E1%BA%A1i_sao_con_g%C3%A1i_trong_t%C6%B0_t%C6%B0%E1%BB%9Fng_n%C3%B3_lu%C3%B4n_th%C3%ADch_c%C3%B4ng/
Snoo_95672,"T·∫°i t·ª•i n√≥ kho√°i kh·ªï d√¢m, v·ªõi l·∫°i l√™n m·∫°ng th·∫•y t·ª•i n√≥ l√†m clip d·∫°y ƒë·ªùi th∆∞·ªùng kho√°i ƒë√†n √¥ng h∆∞, ch√™ trai ngoan",4,https://www.reddit.com/r/TroChuyenLinhTinh/comments/1jynl1z/t%E1%BA%A1i_sao_con_g%C3%A1i_trong_t%C6%B0_t%C6%B0%E1%BB%9Fng_n%C3%B3_lu%C3%B4n_th%C3%ADch_c%C3%B4ng/
Fit_Accountant_4838,To√†n v·ªçn chs vs l≈© tr√¢u h∆∞ cho ƒë√£ v√¥ xong c√≥ cin th√¨ t√¨m l≈© tr√¢u ngoan ƒë·ªÉ ƒë·ªï v·ªè,3,https://www.reddit.com/r/TroChuyenLinhTinh/comments/1jynl1z/t%E1%BA%A1i_sao_con_g%C3%A1i_trong_t%C6%B0_t%C6%B0%E1%BB%9Fng_n%C3%B3_lu%C3%B4n_th%C3%ADch_c%C3%B4ng/
Fenneius,"https://i.redd.it/v8b93j4v5rue1.gif

B·ªçn n√≥ b·ªã h√£m. B·ªçn n√≥ cringe chetme to√†n h·ªçc m·∫•y c√°i l√†m ng∆∞·ªùi x√†m l",4,https://www.reddit.com/r/TroChuyenLinhTinh/comments/1jynl1z/t%E1%BA%A1i_sao_con_g%C3%A1i_trong_t%C6%B0_t%C6%B0%E1%BB%9Fng_n%C3%B3_lu%C3%B4n_th%C3%ADch_c%C3%B4ng/
AdAffectionate4444,"C√≥ 2 v√≠ d·ª• trong h·ªç h√†ng lu√¥n, 1 c√¥ l·∫•y ch·ªìng CA b·ªã ƒë√°nh su·ªët ph·∫£i ly h√¥n d√π ƒë√£ c√≥ 2 con.  
Anh h·ªç CA l·∫•y v·ª£ ƒë·∫ª cho th·∫±ng con r·ªìi, v·∫´n lƒÉng nhƒÉng b√™n ngo√†i c√≤n quay phim l·∫°i.",11,https://www.reddit.com/r/TroChuyenLinhTinh/comments/1jynl1z/t%E1%BA%A1i_sao_con_g%C3%A1i_trong_t%C6%B0_t%C6%B0%E1%BB%9Fng_n%C3%B3_lu%C3%B4n_th%C3%ADch_c%C3%B4ng/
Myloveissuck,"b·ªçn n√≥ th√≠ch ƒÉn ƒë√≤n, th√≠ch gia tr∆∞·ªüng nh∆∞ng l√™n m·∫°ng v·∫´n t·ªè ra m√¨nh n·ªØ quy·ªÅn v√¨ ch√∫ng n√≥ ti√™u chu·∫©n k√©p, ƒë√≤i kh√¥n h∆°n m·∫•y th·∫±ng b·ªô ƒë·ª• conan v√† c√°i k·∫øt ti·∫øn ho√° th√†nh g·∫•u tr√∫c",15,https://www.reddit.com/r/TroChuyenLinhTinh/comments/1jynl1z/t%E1%BA%A1i_sao_con_g%C3%A1i_trong_t%C6%B0_t%C6%B0%E1%BB%9Fng_n%C3%B3_lu%C3%B4n_th%C3%ADch_c%C3%B4ng/
Playful_Quality_8109,V√¨ t·ª•i n√≥ l√† ƒê√†n B√† - mindset kh√°c ae ƒë√†n √¥ng r·∫•t nhi·ªÅu c√≥ v·∫≠y th√¥i. M√†y c·ª© ƒëi research c√°c th√¥ng tin v·ªÅ 2 gi·ªõi theo t·ª± nhi√™n l√† t·ª± kh·∫Øc hi·ªÉu.,11,https://www.reddit.com/r/TroChuyenLinhTinh/comments/1jynl1z/t%E1%BA%A1i_sao_con_g%C3%A1i_trong_t%C6%B0_t%C6%B0%E1%BB%9Fng_n%C3%B3_lu%C3%B4n_th%C3%ADch_c%C3%B4ng/
That-Ordinary-249,H·ªìng ph√∫c c·ªßa ch·ªë ƒë·ªá.,9,https://www.reddit.com/r/TroChuyenLinhTinh/comments/1jynl1z/t%E1%BA%A1i_sao_con_g%C3%A1i_trong_t%C6%B0_t%C6%B0%E1%BB%9Fng_n%C3%B3_lu%C3%B4n_th%C3%ADch_c%C3%B4ng/
[deleted],"ƒë√≥ l√† b·ªçn ƒëƒ© ch√≥a ! So l√†m g√¨ ?

https://i.redd.it/509ht31jgque1.gif",2,https://www.reddit.com/r/TroChuyenLinhTinh/comments/1jynl1z/t%E1%BA%A1i_sao_con_g%C3%A1i_trong_t%C6%B0_t%C6%B0%E1%BB%9Fng_n%C3%B3_lu%C3%B4n_th%C3%ADch_c%C3%B4ng/
onizuka11,V√¨ n√≥ mu·ªën l√†m g·∫•u tr√∫c,8,https://www.reddit.com/r/TroChuyenLinhTinh/comments/1jynl1z/t%E1%BA%A1i_sao_con_g%C3%A1i_trong_t%C6%B0_t%C6%B0%E1%BB%9Fng_n%C3%B3_lu%C3%B4n_th%C3%ADch_c%C3%B4ng/
[deleted],https://i.redd.it/hdye1fwlgque1.gif,5,https://www.reddit.com/r/TroChuyenLinhTinh/comments/1jynl1z/t%E1%BA%A1i_sao_con_g%C3%A1i_trong_t%C6%B0_t%C6%B0%E1%BB%9Fng_n%C3%B3_lu%C3%B4n_th%C3%ADch_c%C3%B4ng/
Square-Ad2650,"H√°m danh v√† quy·ªÅn l·ª£i th√¥i. M√†y th·∫•y √¥ng t∆∞·ªõng vƒ©nh n·∫Øm ƒë∆∞·ªùng d√¢y ƒë√°nh b·∫°c ngh√¨n t·ª∑ ƒëi t√π 10 nƒÉm , kh√° b·∫£nh m·ªü s√≤ng b·∫°c v√†i t·ª∑ ƒëi t√π 10 nƒÉm. 

Nhi√™u ƒë√¢y l√† ƒë·ªß th·∫•y ng∆∞·ªùi c√≥ c√¥ng v·ªõi c√°ch m·∫°ng ƒë∆∞·ª£c ∆∞u √°i c·ª° n√†o r. S·ªëng ·ªü c√°i x·ª© n√†y quy·ªÅn l·ª±c l√† th·ª© ƒë·ª©ng ƒë·∫ßu , c√≥ quy·ªÅn ki·ªÉu g√¨ c≈©ng s·∫Ω c√≥ ti·ªÅn , v·ª´a c√≥ quy·ªÅn c√≥ ti·ªÅn m√† c√≤n ƒë∆∞·ª£c mang danh y√™u n∆∞·ªõc , v√¨ nh√¢n d√¢n ph·ª•c v·ª• n·ªØa. Ph·ª• n·ªØ h·ªç c≈©ng nh√¨n ra ƒëi·ªÅu ƒë√≥ ch·ª© sao kh√¥ng nh√¨n ra. M√†y c∆∞·ªõi d√¢n ƒëen th√¨ m√†y l√† v·ª£ c·ªßa th·∫±ng d√¢n ƒëen. M√†y c∆∞·ªõi quan th·∫ßy ra ƒë∆∞·ªùng ng∆∞·ªùi ta k√™u b·∫±ng quan b√†, ƒëi ch·ª£ ƒëi mua s·∫Øm ai c≈©ng mu·ªën l√†m th√¢n .",16,https://www.reddit.com/r/TroChuyenLinhTinh/comments/1jynl1z/t%E1%BA%A1i_sao_con_g%C3%A1i_trong_t%C6%B0_t%C6%B0%E1%BB%9Fng_n%C3%B3_lu%C3%B4n_th%C3%ADch_c%C3%B4ng/
InstructionProud7235,"M·ªët thay ƒë·ªïi ch√≠nh ph·ªß m·ªõi, qu√¢n ƒë·ªôi v·ªõi c√¥ng an ch·∫ø ƒë·ªô c≈© tr·ªën chui tr·ªën nh·ªßi, gi·∫£ d·∫°ng th√†nh d√¢n th∆∞·ªùng, ng√†y ƒë√≥ kh√¥ng l√¢u ƒë√¢u.....",8,https://www.reddit.com/r/TroChuyenLinhTinh/comments/1jynl1z/t%E1%BA%A1i_sao_con_g%C3%A1i_trong_t%C6%B0_t%C6%B0%E1%BB%9Fng_n%C3%B3_lu%C3%B4n_th%C3%ADch_c%C3%B4ng/
CompetitiveEscape827,m c·∫Øn nhi√™u vi√™n m√† s·ªßa ƒë∆∞·ª£c c√¢u ngu z,-1,https://www.reddit.com/r/TroChuyenLinhTinh/comments/1jynl1z/t%E1%BA%A1i_sao_con_g%C3%A1i_trong_t%C6%B0_t%C6%B0%E1%BB%9Fng_n%C3%B3_lu%C3%B4n_th%C3%ADch_c%C3%B4ng/
InstructionProud7235,N√≥i ƒë√∫ng qu√° cay h·∫£ =)),0,https://www.reddit.com/r/TroChuyenLinhTinh/comments/1jynl1z/t%E1%BA%A1i_sao_con_g%C3%A1i_trong_t%C6%B0_t%C6%B0%E1%BB%9Fng_n%C3%B3_lu%C3%B4n_th%C3%ADch_c%C3%B4ng/
Unfair_Banana_8411,"Hoang t∆∞·ªüng h·∫£ m√†y, t·ªânh l·∫°i ƒëi.",12,https://www.reddit.com/r/TroChuyenLinhTinh/comments/1jynl1z/t%E1%BA%A1i_sao_con_g%C3%A1i_trong_t%C6%B0_t%C6%B0%E1%BB%9Fng_n%C3%B3_lu%C3%B4n_th%C3%ADch_c%C3%B4ng/
Forward-Maybe6544,n√≥ gi·ª°n th√¥i cƒÉng qu√°,1,https://www.reddit.com/r/TroChuyenLinhTinh/comments/1jynl1z/t%E1%BA%A1i_sao_con_g%C3%A1i_trong_t%C6%B0_t%C6%B0%E1%BB%9Fng_n%C3%B3_lu%C3%B4n_th%C3%ADch_c%C3%B4ng/
CuteeeAF,"Quy·ªÅn l·ª±c -&gt; Ti·ªÅn t√†i -&gt; B·ªë ƒë·ªùi  
M·∫•y c√°i n√†y b·ªçn d√¢n ƒëen th·∫•y l√† t√≠t m·∫Øt l√™n ng∆∞·ª°ng m·ªô",11,https://www.reddit.com/r/TroChuyenLinhTinh/comments/1jynl1z/t%E1%BA%A1i_sao_con_g%C3%A1i_trong_t%C6%B0_t%C6%B0%E1%BB%9Fng_n%C3%B3_lu%C3%B4n_th%C3%ADch_c%C3%B4ng/
[deleted],"V√¨ t·ª•i n√≥ m√™ ƒë·ª•, tham ƒë·ª•. T·ª•i n√≥ th√≠ch trai ƒë·ª• kh·ªèe, d·∫≠p kh·ªèe, c·∫∑c b·ª± ƒë√∫t v√¥ ng·∫≠p l·ªìn th·∫≠m ch√≠ r√°ch l·ªìn, b·ªÉ l·ªìn ƒë·ªÉ s∆∞·ªõng, mu·ªën ƒë∆∞·ª£c con c·∫∑c b·ª± ƒë√¢m v√¥ xong ch∆°i deep throat r·ªìi nh·∫•p nh∆∞ m√°y kh√¢u cho l·ªìn ch·∫£y n∆∞·ªõc ch·ª© sao?

\*C√¥n An, Cu√¢n ƒê·ª• th√¨ kh·ªèi n√≥i t·∫≠p luy·ªán qu√†i n√™n kh·ªèe.

\*XƒÉm m√¨nh nh∆∞ giang h·ªì th√¨ t·ª•i n·∫ßy th√≠ch th·ªÉ hi·ªán t·∫°o c·∫£m gi√°c ng·∫ßu, ƒë∆∞·ª£c d·ª±a h∆°i, b·∫£o v·ªá. Giang h·ªì c≈©ng v·∫≠n ƒë·ªông, ƒë·∫•m ƒë√°, ph∆∞·ª£t ƒë√¢y ƒë√≥ n√™n c≈©ng kh·ªèe n√™n ƒë·ª• gi·ªèi  ƒë·ª• kh·ªèe, ƒë·ª• nhi·ªÅu, ƒë·ª• t√†n b·∫°o, c√≥ khi t·ª•i n√≥ ch∆°i bƒÉng ƒë·∫£ng giang h√π n√™n ch∆°i : 3some 2 c·∫∑c 2 l·ªó, 4some 3 c·∫∑c nh√©t l·ªìn, mi·ªáng,ass.. Gang bang 10 th·∫±ng ƒë·ª• 1 con n√™n s∆∞·ªõng nh∆∞ thi√™n ƒë√†n.

\*D·ªãch v·ª• x·∫ª h·ª• th√¨ bi·∫øt t√¢m l√Ω n√™n n√≥ c≈©ng bi·∫øt ƒë·ª• gi·ªèi l√† l·ª£i th·∫ø!n√™n n√≥ t√¨m c√°ch t·∫≠p luy·ªán cho kh·ªèe, cho ƒë·∫πp, ƒë·ªô c·∫∑c b·ª±, u·ªëng thu·ªëc k√≠ch d·ª•c...

D√¢n x·ª© V·∫πm n√†y ai m√† ngu ngu th√¨ d·ªÖ ƒëo√°n l·∫Øm c·ª© ƒÇn-Ng·ªß-ƒê·ª§-·ªâa l√† m√†y ƒëo√°n ƒë∆∞·ª£c t√¢m c∆°![img](emote|t5_4bcops|22267)![img](emote|t5_4bcops|22267)",12,https://www.reddit.com/r/TroChuyenLinhTinh/comments/1jynl1z/t%E1%BA%A1i_sao_con_g%C3%A1i_trong_t%C6%B0_t%C6%B0%E1%BB%9Fng_n%C3%B3_lu%C3%B4n_th%C3%ADch_c%C3%B4ng/
[deleted],M√†y khum th·∫•y m·∫•y th·∫±ng c√≥ b·∫ßu ph·∫£i l·∫øt d√°i ƒëi l·ªìm Conan h·∫£ ???? Ki·∫øm ƒë√¢u ra ƒë·ª• kh·ªèe l·ªìm Conan ? L√† b·ªçn y·∫øu sanh l√Ω th√¥i !,2,https://www.reddit.com/r/TroChuyenLinhTinh/comments/1jynl1z/t%E1%BA%A1i_sao_con_g%C3%A1i_trong_t%C6%B0_t%C6%B0%E1%BB%9Fng_n%C3%B3_lu%C3%B4n_th%C3%ADch_c%C3%B4ng/
[deleted],"M·∫•y th·∫±ng c√¥n an, cu√¢n ƒë·ª• k√¨ nh√¥ng c·∫Øc k√© qu√™ t ·ªü mi·ªÅn T√¢y  th·∫•y kh·ªèe nh∆∞ tr√¢u m√† m. Ch·∫Øc m nh√¨n m·∫•y ƒë·ª©a heo n√°i b·ª•ng ph·ªá c·∫•p tr√™n nh√¨u n√™n th·∫•y v![img](emote|t5_4bcops|21253)",2,https://www.reddit.com/r/TroChuyenLinhTinh/comments/1jynl1z/t%E1%BA%A1i_sao_con_g%C3%A1i_trong_t%C6%B0_t%C6%B0%E1%BB%9Fng_n%C3%B3_lu%C3%B4n_th%C3%ADch_c%C3%B4ng/
[deleted],"n√≥ ch·ªâ gi·∫£ l·∫≠p thui , ch·ª© g·∫∑p Dzone l√† ch·∫°y c√≥ c·ªù ngay ! Th·ªùi nay w√°nh nhau b·∫±ng t√™n l·ª≠a m·ªù ph·∫ª hay khum ph·∫ª c√≥ nghƒ©a l√Ω m·∫π g√¨ !",1,https://www.reddit.com/r/TroChuyenLinhTinh/comments/1jynl1z/t%E1%BA%A1i_sao_con_g%C3%A1i_trong_t%C6%B0_t%C6%B0%E1%BB%9Fng_n%C3%B3_lu%C3%B4n_th%C3%ADch_c%C3%B4ng/
Gau_Gau,M√° ƒë·ªçc c∆∞·ªùi ·ªâa.,8,https://www.reddit.com/r/TroChuyenLinhTinh/comments/1jynl1z/t%E1%BA%A1i_sao_con_g%C3%A1i_trong_t%C6%B0_t%C6%B0%E1%BB%9Fng_n%C3%B3_lu%C3%B4n_th%C3%ADch_c%C3%B4ng/
Expert_Persimmon_966,"1 ƒëi·ªÅu tao ch·∫Øc ch·∫Øn ƒë√≥ l√† ng∆∞·ªùi d√¢n Vi·ªát Nam c√≥ t∆∞ duy l√†m thu√™ ki·∫øm s·ªëng ch·ª© √≠t ai l√†m ch·ªß,n·∫øu trong m·ªôt cu·ªôc giao ti·∫øp c≈©ng c√≥ ki·ªÉu nh∆∞ l√†m ·ªü ƒë√¢u l√†m c√¥ng ty n√†o l∆∞∆°ng l·∫≠u bao nhi√™u ch·ª© kh√¥ng h·ªèi l√† l√†m kinh doanh g√¨ hay b√°n g√¨,tao l√†m vi·ªác t·∫°i nh√† c≈©ng b·ªã ƒë·ªìn l√† th·∫•t nghi·ªáp c∆°",4,https://www.reddit.com/r/TroChuyenLinhTinh/comments/1jynl1z/t%E1%BA%A1i_sao_con_g%C3%A1i_trong_t%C6%B0_t%C6%B0%E1%BB%9Fng_n%C3%B3_lu%C3%B4n_th%C3%ADch_c%C3%B4ng/
hieuhoazx,Quen c√¥ng an b·ªô ƒë·ªôi o√°ch x√† l√°ch l·∫°i c√≤n l∆∞ong cao. ![img](emote|t5_4bcops|21251),6,https://www.reddit.com/r/TroChuyenLinhTinh/comments/1jynl1z/t%E1%BA%A1i_sao_con_g%C3%A1i_trong_t%C6%B0_t%C6%B0%E1%BB%9Fng_n%C3%B3_lu%C3%B4n_th%C3%ADch_c%C3%B4ng/
Physical_Money888,"V√¨ c√°i t√¢m l√Ω **d·ª±a d·∫´m**



N√≥i th·∫≥ng ra l√† ƒë√†n b√† ng√†y nay m·∫∑c d√π ƒë∆∞·ª£c ƒëi l√†m nh∆∞ng ph·∫ßn l·ªõn v·∫´n mang **t∆∞ t∆∞·ªüng c·ªï h·ªß** t·ª´ th·ªùi nguy√™n th·ªßy. V·∫´n mu·ªën th·∫±ng ch·ªìng cao to **l·ª±c ƒëi·ªÅn** v√¨ c√°i t∆∞ t∆∞·ªüng **c√†y ru·ªông** n√≥ ƒë√£ ƒÉn s√¢u v√†o m√°u, c√≥ nhi·ªÅu **QUY·ªÄN** l·ª±c ƒë·ªÉ ƒë∆∞·ª£c ƒëi b·∫Øt n·∫°t **h∆∞·ªüng** k√©. ƒê·ª•ng t·ªõi l·ªó ch√¢n l√¥ng c·ªßa c√°c b√† th√¨ l·∫°i gi√£y n·∫£y l√™n ch√™ b·ªçn ƒë√†n √¥ng c·ªï h·ªß l·∫≠m Redpill ch·ª© th·ª±c t·∫ø r·∫±ng n√≥ ƒëang di·ªÖn ra nh∆∞ v·∫≠y. 



Ng√†y nay hai v·ª£ ch·ªìng th·∫•u hi·ªÉu/san s·∫ª cho nhau nu√¥i con c√≤n kh√≥. C·ª© mang c√°i t∆∞ t∆∞·ªüng ƒëi t√¨m ch·ªó d·ª±a n√†y th√¨ ƒë·ªùi c√≤n kh·ªï d√†i d√†i, nhi·ªÅu con c√≤n ƒë√©o c√≥ m·ªôt ch√∫t v·ªën ki·∫øn th·ª©c hay tr√¨nh ƒë·ªô n√†o n√™n ph·∫£i ph·ª• thu·ªôc ho√†n to√†n v√†o th·∫±ng ch·ªìng c·∫£ ƒë·ªùi. T·ªè ra ƒë·ªìng c·∫£m/th·∫•u hi·ªÉu/san s·∫ª v·ªõi b·ªçn ƒë·∫•y th√¨ b·ªçn n√≥ ch·ªâ coi m√¨nh nh∆∞ m·ªôt c√°i bƒÉng v·ªá sinh c·∫£m x√∫c r·ªìi cho v√†o friends zone, t·ªõi l√∫c chia tay th√¨ m·∫°t s√°t k√™u th·∫±ng n√†y ch∆∞a tr∆∞·ªüng th√†nh abcxyz,... B·ªçn ƒë·∫•y c·ª© ph·∫£i cho ƒÉn 3 tr·∫≠n ƒë√≤n m·ªói ng√†y th√¨ n√≥ m·ªõi **n·ªÉ**, n√≥ m·ªõi **bi·∫øt b·ªë n√≥ l√† ai**. 

  
L·∫Øm con ngu th√¨ all-in th√¢n x√°c cho m·ªôt th·∫±ng ph√¥ng b·∫°t r·∫ª r√°ch r·ªìi b·ªã n√≥ b·ªè c·∫£ 2 m·∫π con, t√¥i g·ªçi m·∫•y con n√†y l√† nh√† ƒë·∫ßu t∆∞ m·∫°o hi·ªÉm. 

https://preview.redd.it/srh6juqzwpue1.png?width=1200&amp;format=png&amp;auto=webp&amp;s=6ec305b3c74fa343ea3c3ee479f74d50e104251f",23,https://www.reddit.com/r/TroChuyenLinhTinh/comments/1jynl1z/t%E1%BA%A1i_sao_con_g%C3%A1i_trong_t%C6%B0_t%C6%B0%E1%BB%9Fng_n%C3%B3_lu%C3%B4n_th%C3%ADch_c%C3%B4ng/
Jolly-Panic-5283,"C√≥ ti·ªÅn l√† g√°i n√≥ th√≠ch th√¥i . Ch·ªët v·∫≠y cho l·∫π nh√© b·∫°n . D√π b·∫°n x·∫•u vcl , nh∆∞ng b·∫°n gi√†u th√¨ c≈©ng bao em theo",10,https://www.reddit.com/r/TroChuyenLinhTinh/comments/1jynl1z/t%E1%BA%A1i_sao_con_g%C3%A1i_trong_t%C6%B0_t%C6%B0%E1%BB%9Fng_n%C3%B3_lu%C3%B4n_th%C3%ADch_c%C3%B4ng/
Haunting_Might_6430,m·∫•y ƒë∆∞a l·∫•y DN IT c√≥ t∆∞ duy m·∫Øc g√¨ khoe khoan,3,https://www.reddit.com/r/TroChuyenLinhTinh/comments/1jynl1z/t%E1%BA%A1i_sao_con_g%C3%A1i_trong_t%C6%B0_t%C6%B0%E1%BB%9Fng_n%C3%B3_lu%C3%B4n_th%C3%ADch_c%C3%B4ng/
Beneficial_Day_7726,Quy·ªÅn l·ª±c! ƒê√≥ng c√°i topic n√†y l·∫°i ƒëc r·ªìi m·∫•y th·∫±ng m√°u loz ! ·ªû n∆∞·ªõc ngo√†i G√°i t·ª•i n√≥ ch·ªâ coi CA ngang vs th·∫±ng b·∫£o v·ªá th√¥i!,16,https://www.reddit.com/r/TroChuyenLinhTinh/comments/1jynl1z/t%E1%BA%A1i_sao_con_g%C3%A1i_trong_t%C6%B0_t%C6%B0%E1%BB%9Fng_n%C3%B3_lu%C3%B4n_th%C3%ADch_c%C3%B4ng/
Luongvanquan0276,"Tao th·∫•y m·∫•y th·∫±ng ca qu√¢n ƒë·ªôi c·∫•p th·∫•p ·ªü VN so v·ªõi m·∫•y tay b·∫£o v·ªá c≈©ng c√≥ kh√©o ƒë√©o g√¨ m·∫•y ƒë√¢u, c≈©ng canh g√°c c√°i g√¨ ƒë√≥ ƒëi ƒëi l·∫°i l·∫°i, mang ti·∫øng ƒÉn h·ªçc m∆∞·ªùi m·∫•y nƒÉm c≈©ng ch·ª©c nƒÉng g·∫ßn nh∆∞ th·∫±ng b·∫£o v·ªá",7,https://www.reddit.com/r/TroChuyenLinhTinh/comments/1jynl1z/t%E1%BA%A1i_sao_con_g%C3%A1i_trong_t%C6%B0_t%C6%B0%E1%BB%9Fng_n%C3%B3_lu%C3%B4n_th%C3%ADch_c%C3%B4ng/
Beneficial_Day_7726,"N∆°i n√†o c√†ng nhi·ªÅu b·∫•t c√¥ng ! Ng∆∞·ªùi d√¢n c√†ng b·ªã t∆∞·ªõc ƒëi quy·ªÅn c∆° b·∫£n b·ªüi ngu d·ªët v√† b·∫°o l·ª±c th√¨ ·ªü ƒë√≥ ng∆∞·ªùi ta l·∫°i c√†ng kh√°o kh√°t quy·ªÅn l·ª±c ! C√°i n√†y c≈©ng gi·ªëng vs ti·ªÅn, con ng∆∞·ªùi c√†ng b·ªã ch√† ƒë·∫°p b·ªüi ƒë·ªìng ti·ªÅn c√†ng ham ti·ªÅn, v√† v·∫≠t ch·∫•t ! chung quy v·∫´n l√† quy·ªÅn l·ª±c !",3,https://www.reddit.com/r/TroChuyenLinhTinh/comments/1jynl1z/t%E1%BA%A1i_sao_con_g%C3%A1i_trong_t%C6%B0_t%C6%B0%E1%BB%9Fng_n%C3%B3_lu%C3%B4n_th%C3%ADch_c%C3%B4ng/
Littlelittleshy,"Do m √≠t th·∫•y th√¥i ch·ª© t th·∫•y con g√°i l·∫•y ƒëc ch·ªìng gi·ªèi, t·ªët n√≥ khoe nh∆∞ g√¨. C≈©ng nh∆∞ t·ª•i m l·∫•y ƒëc v·ª£ ƒë·∫πp t·ª•i m c√≥ khoe ko? T ƒëo√°n l√† ko v√¨ ·ªü ƒë√¢y ƒëa s·ªë to√†n loser chim ng·∫Øn x·∫•u trai 1m6 ko ch·ª© g√¨ ![img](emote|t5_4bcops|22263)",8,https://www.reddit.com/r/TroChuyenLinhTinh/comments/1jynl1z/t%E1%BA%A1i_sao_con_g%C3%A1i_trong_t%C6%B0_t%C6%B0%E1%BB%9Fng_n%C3%B3_lu%C3%B4n_th%C3%ADch_c%C3%B4ng/
Aineyakura141008,M m9 7 m√∫i cu 20 cm ƒëko ??![img](emote|t5_4bcops|22267)![img](emote|t5_4bcops|22267)![img](emote|t5_4bcops|22267)![img](emote|t5_4bcops|22261),1,https://www.reddit.com/r/TroChuyenLinhTinh/comments/1jynl1z/t%E1%BA%A1i_sao_con_g%C3%A1i_trong_t%C6%B0_t%C6%B0%E1%BB%9Fng_n%C3%B3_lu%C3%B4n_th%C3%ADch_c%C3%B4ng/
Littlelittleshy,"ƒêm t 1m6, x·∫•u trai, chim ng·∫Øn, b√™ ƒë√™, c≈©ng may l√† nh√†..ngh√®o",1,https://www.reddit.com/r/TroChuyenLinhTinh/comments/1jynl1z/t%E1%BA%A1i_sao_con_g%C3%A1i_trong_t%C6%B0_t%C6%B0%E1%BB%9Fng_n%C3%B3_lu%C3%B4n_th%C3%ADch_c%C3%B4ng/
Category-Which,V√¨ m√†y l√† doanh nh√¢n hay IT th√¨ n√≥ v·∫´n ƒë√©o l√† g√¨. Xem video c·ªßa Tung tung soong ƒë·ªÉ hi·ªÉu s·ª± ph√¢n chia giai c·∫•p c·ªßa XH VN hi·ªán t·∫°i,2,https://www.reddit.com/r/TroChuyenLinhTinh/comments/1jynl1z/t%E1%BA%A1i_sao_con_g%C3%A1i_trong_t%C6%B0_t%C6%B0%E1%BB%9Fng_n%C3%B3_lu%C3%B4n_th%C3%ADch_c%C3%B4ng/
Agitated-General-22,Video n√†o?cho xin v·ªõi üò∂,1,https://www.reddit.com/r/TroChuyenLinhTinh/comments/1jynl1z/t%E1%BA%A1i_sao_con_g%C3%A1i_trong_t%C6%B0_t%C6%B0%E1%BB%9Fng_n%C3%B3_lu%C3%B4n_th%C3%ADch_c%C3%B4ng/
Category-Which,"https://youtu.be/1P1DqhzBGQg?si=6xbaFa5w39cLMmUU

ƒë√≥ng ph√≠ th√†nh vi√™n ƒë·ªÉ xem.",-1,https://www.reddit.com/r/TroChuyenLinhTinh/comments/1jynl1z/t%E1%BA%A1i_sao_con_g%C3%A1i_trong_t%C6%B0_t%C6%B0%E1%BB%9Fng_n%C3%B3_lu%C3%B4n_th%C3%ADch_c%C3%B4ng/
cuongphamtm,"C√≥ l·ªìn √Ω gi·ªù g√°i n√≥ th√≠ch b·ª•ng ph·ªá, t√≥c hoa ti√™u k√¨a",1,https://www.reddit.com/r/TroChuyenLinhTinh/comments/1jynl1z/t%E1%BA%A1i_sao_con_g%C3%A1i_trong_t%C6%B0_t%C6%B0%E1%BB%9Fng_n%C3%B3_lu%C3%B4n_th%C3%ADch_c%C3%B4ng/
Thanos_Balance97,G√°i b·∫Øc k·ª≥ th√¥i ![img](emote|t5_4bcops|22267),6,https://www.reddit.com/r/TroChuyenLinhTinh/comments/1jynl1z/t%E1%BA%A1i_sao_con_g%C3%A1i_trong_t%C6%B0_t%C6%B0%E1%BB%9Fng_n%C3%B3_lu%C3%B4n_th%C3%ADch_c%C3%B4ng/
Mobile-Owl-3880,![img](emote|t5_4bcops|27380),1,https://www.reddit.com/r/TroChuyenLinhTinh/comments/1jynl1z/t%E1%BA%A1i_sao_con_g%C3%A1i_trong_t%C6%B0_t%C6%B0%E1%BB%9Fng_n%C3%B3_lu%C3%B4n_th%C3%ADch_c%C3%B4ng/
Reasonable-Doubt-831,v√¨ ng∆∞·ªùi c√≥ ch·ªìng t·ª≠ t·∫ø th√¨ ko khoe tr√™n m·∫°ng xh th√¥i :)),2,https://www.reddit.com/r/TroChuyenLinhTinh/comments/1jynl1z/t%E1%BA%A1i_sao_con_g%C3%A1i_trong_t%C6%B0_t%C6%B0%E1%BB%9Fng_n%C3%B3_lu%C3%B4n_th%C3%ADch_c%C3%B4ng/
chris92vn,"vi·ªát c·ªông ƒë√†o t·∫°o ra 1 th·∫ø h·ªá ƒëƒ© m√†

m√† ƒëƒ© th√¨ m·ªõi m√™ l≈© ƒë·∫•y",6,https://www.reddit.com/r/TroChuyenLinhTinh/comments/1jynl1z/t%E1%BA%A1i_sao_con_g%C3%A1i_trong_t%C6%B0_t%C6%B0%E1%BB%9Fng_n%C3%B3_lu%C3%B4n_th%C3%ADch_c%C3%B4ng/
Poseidon-Command-983,"M share l√™n voz h·ªèi th·ª≠ xem ch·ª© tr√™n n√†y to√†n ƒë·ª±c sao tl cho m ƒë∆∞·ª£c, m th√≠ch ƒë∆∞·ª£c g√°i n√≥ th√≠ch th√¨ m c√≥ th·ªÉ ƒëi theo m·∫•y h∆∞·ªõng ƒë√≥",2,https://www.reddit.com/r/TroChuyenLinhTinh/comments/1jynl1z/t%E1%BA%A1i_sao_con_g%C3%A1i_trong_t%C6%B0_t%C6%B0%E1%BB%9Fng_n%C3%B3_lu%C3%B4n_th%C3%ADch_c%C3%B4ng/
Hope1301,"C√≤n tao s·ª£ quen ph·∫£i trai vi·ªát  tu t∆∞·ªüng vi·ªát c·ªông nha, ai mu·ªën quen th√¨ tao n√≥i th·∫≥ng t·ª´ ƒë√¢u lu√¥n.",13,https://www.reddit.com/r/TroChuyenLinhTinh/comments/1jynl1z/t%E1%BA%A1i_sao_con_g%C3%A1i_trong_t%C6%B0_t%C6%B0%E1%BB%9Fng_n%C3%B3_lu%C3%B4n_th%C3%ADch_c%C3%B4ng/
Luongvanquan0276,V√†o ƒë√¢y ki·∫øm b·∫°n trai l√† ok r·ªìi e to√†n ph·∫£n ƒë·ªông ·ªü ƒë√¢y m√† c≈©ng r·∫•t nhi·ªÅu th·∫±ng c√≥ kinh t·∫ø ƒëang b√™n b·ªÉn n·ªØa,2,https://www.reddit.com/r/TroChuyenLinhTinh/comments/1jynl1z/t%E1%BA%A1i_sao_con_g%C3%A1i_trong_t%C6%B0_t%C6%B0%E1%BB%9Fng_n%C3%B3_lu%C3%B4n_th%C3%ADch_c%C3%B4ng/
Sensitive-Ad-751,"Tr·∫´m Nam, hong v·ªãt ...

Nh∆∞ng ... hong quen ng∆∞∆°i v√¨ : ng∆∞∆°i h√¥i h√¥i m√πi v·ªãt",-2,https://www.reddit.com/r/TroChuyenLinhTinh/comments/1jynl1z/t%E1%BA%A1i_sao_con_g%C3%A1i_trong_t%C6%B0_t%C6%B0%E1%BB%9Fng_n%C3%B3_lu%C3%B4n_th%C3%ADch_c%C3%B4ng/
Hope1301,"Quen ng∆∞·ªùi vi·ªát v·ªõi t∆∞ t∆∞·ªüng ph∆∞∆°ng T√¢y c·ªüi m·ªü th√¨ OK, ch·ª© quen trai vi·ªát c·ªông v·ªõi b√≤ ƒë·ªè th√¨ t·∫°m bi·ªát :)))",3,https://www.reddit.com/r/TroChuyenLinhTinh/comments/1jynl1z/t%E1%BA%A1i_sao_con_g%C3%A1i_trong_t%C6%B0_t%C6%B0%E1%BB%9Fng_n%C3%B3_lu%C3%B4n_th%C3%ADch_c%C3%B4ng/
Most_Oven6510,"ib a nhes, g·ª≠i ·∫£nh cho a",1,https://www.reddit.com/r/TroChuyenLinhTinh/comments/1jynl1z/t%E1%BA%A1i_sao_con_g%C3%A1i_trong_t%C6%B0_t%C6%B0%E1%BB%9Fng_n%C3%B3_lu%C3%B4n_th%C3%ADch_c%C3%B4ng/
Sensitive-Ad-751,"D·ªÖ hi·ªÉu th·ªôi: ph·∫ßn l·ªõn b·ªçn n√°i s·∫Ω theo ƒë·ª±c tr·ªôi! Kh√¥ng ch·ªâ n√°i m√† l≈© homo theo ƒë·ª±c tr·ªôi, hay c√≤n g·ªçi l√†:"" giai tr√≤ l√£nh ƒë·∫°o"" ho·∫∑c **alphal**

&gt;T·∫°i sao con g√°i trong t∆∞ t∆∞·ªüng n√≥ lu√¥n th√≠ch c√¥ng an, qu√¢n ƒë·ªôi, d√¢n some tr·ªï, l√†m ngh·ªÅ d·ªãch v·ª• x√£ h·ªô

N√™n ch·∫£ c√≥ g√¨ ng·∫°c nhi√™n khi c·∫•p 2, c·∫•p 3 th√¨ m·∫•y b√© g√°i th√†nh ""b√¨nh ch·ª©a t√¥n"" cho  ""c√¥n.an, qu√¢n ƒë·ªôi, d√¢n some tr·ªï, l√†m ngh·ªÅ d·ªãch v·ª• x√£ h·ªô""",2,https://www.reddit.com/r/TroChuyenLinhTinh/comments/1jynl1z/t%E1%BA%A1i_sao_con_g%C3%A1i_trong_t%C6%B0_t%C6%B0%E1%BB%9Fng_n%C3%B3_lu%C3%B4n_th%C3%ADch_c%C3%B4ng/
[deleted],"Con c≈©ng l√† homo th√≠ch ƒë·ª±c tr·ªôi n√®, vua Nam c√≥ l·∫≠p l√†m thi·∫øp nam ƒë·∫ßu ti√™n trong l·ªãch s·ª≠ n∆∞·ªõc Nam khum![img](emote|t5_4bcops|21390)![img](emote|t5_4bcops|28241)![img](emote|t5_4bcops|22267)![img](emote|t5_4bcops|22261)",1,https://www.reddit.com/r/TroChuyenLinhTinh/comments/1jynl1z/t%E1%BA%A1i_sao_con_g%C3%A1i_trong_t%C6%B0_t%C6%B0%E1%BB%9Fng_n%C3%B3_lu%C3%B4n_th%C3%ADch_c%C3%B4ng/
Sensitive-Ad-751,"No!

ƒêi·ªÅu g√¨ khi·∫øn ng∆∞∆°i ngh·ªâ ta Alphal?",1,https://www.reddit.com/r/TroChuyenLinhTinh/comments/1jynl1z/t%E1%BA%A1i_sao_con_g%C3%A1i_trong_t%C6%B0_t%C6%B0%E1%BB%9Fng_n%C3%B3_lu%C3%B4n_th%C3%ADch_c%C3%B4ng/
[deleted],"Vua Nam l√† tr√πm ƒëƒ© ƒëi·∫øm, √Ω l·ªôn tr√πm c·ªßa alpha m·∫π r·ªìi, l√†m vua m√†![img](emote|t5_4bcops|22267)",1,https://www.reddit.com/r/TroChuyenLinhTinh/comments/1jynl1z/t%E1%BA%A1i_sao_con_g%C3%A1i_trong_t%C6%B0_t%C6%B0%E1%BB%9Fng_n%C3%B3_lu%C3%B4n_th%C3%ADch_c%C3%B4ng/
Sensitive-Ad-751,"&gt;Vua Nam l√† tr√πm ƒëƒ© ƒëi·∫øm

![img](emote|t5_4bcops|22267)![img](emote|t5_4bcops|22267)![img](emote|t5_4bcops|22267)

Vua d√≠nh g√¨ t·ªõi alphal?

Tr·∫´m v·ª´a t√†n s√°t v·ª´a r∆°i l·ªá hong ƒëc sao?

![img](emote|t5_4bcops|21253)",1,https://www.reddit.com/r/TroChuyenLinhTinh/comments/1jynl1z/t%E1%BA%A1i_sao_con_g%C3%A1i_trong_t%C6%B0_t%C6%B0%E1%BB%9Fng_n%C3%B3_lu%C3%B4n_th%C3%ADch_c%C3%B4ng/
[deleted],C·ª° ng√†i l√† V·ª´a ƒë·ª• v·ª´a ban l·ªánh th√¨ c√≥![img](emote|t5_4bcops|22261)![img](emote|t5_4bcops|22267),1,https://www.reddit.com/r/TroChuyenLinhTinh/comments/1jynl1z/t%E1%BA%A1i_sao_con_g%C3%A1i_trong_t%C6%B0_t%C6%B0%E1%BB%9Fng_n%C3%B3_lu%C3%B4n_th%C3%ADch_c%C3%B4ng/
Sensitive-Ad-751,·ª™! Th√¨ ·∫£nh h∆∞·ªüng g√¨ ·∫£?,1,https://www.reddit.com/r/TroChuyenLinhTinh/comments/1jynl1z/t%E1%BA%A1i_sao_con_g%C3%A1i_trong_t%C6%B0_t%C6%B0%E1%BB%9Fng_n%C3%B3_lu%C3%B4n_th%C3%ADch_c%C3%B4ng/
Backyism,Con g√°i n√†o? ƒêƒ© l·ªìn ƒëƒ© ƒë√∫,4,https://www.reddit.com/r/TroChuyenLinhTinh/comments/1jynl1z/t%E1%BA%A1i_sao_con_g%C3%A1i_trong_t%C6%B0_t%C6%B0%E1%BB%9Fng_n%C3%B3_lu%C3%B4n_th%C3%ADch_c%C3%B4ng/
Sensitive-Ad-751,"![img](emote|t5_4bcops|22262)

Ng·∫≠m c√°i h·ªçng l·∫°i nh√© namkiki, l≈© th·∫•t tr·∫≠n",0,https://www.reddit.com/r/TroChuyenLinhTinh/comments/1jynl1z/t%E1%BA%A1i_sao_con_g%C3%A1i_trong_t%C6%B0_t%C6%B0%E1%BB%9Fng_n%C3%B3_lu%C3%B4n_th%C3%ADch_c%C3%B4ng/
